experiment,measurement,device,protocol,txdepth,rxdepth,cqmoderation,postlist,numberqps,inline,iters,server,client,bytes,iterations,bwpeak,bwavg,msgrate
bw_sync,bw,mlx5_0,RC,1,1,1,1,1,0,50000,0,1,2,50000,0.00,1.28,0.673269
bw_sync,bw,mlx5_0,RC,1,1,1,1,1,0,50000,0,1,4,50000,0.00,2.57,0.673384
bw_sync,bw,mlx5_0,RC,1,1,1,1,1,0,50000,0,1,8,50000,0.00,5.14,0.674029
bw_sync,bw,mlx5_0,RC,1,1,1,1,1,0,50000,0,1,16,50000,0.00,10.21,0.669034
bw_sync,bw,mlx5_0,RC,1,1,1,1,1,0,50000,0,1,32,50000,0.00,19.97,0.654292
bw_sync,bw,mlx5_0,RC,1,1,1,1,1,0,50000,0,1,64,50000,0.00,38.91,0.637579
bw_sync,bw,mlx5_0,RC,1,1,1,1,1,0,50000,0,1,128,50000,0.00,74.91,0.613686
bw_sync,bw,mlx5_0,RC,1,1,1,1,1,0,50000,0,1,256,50000,0.00,145.97,0.597909
bw_sync,bw,mlx5_0,RC,1,1,1,1,1,0,50000,0,1,512,50000,0.00,279.02,0.571434
bw_sync,bw,mlx5_0,RC,1,1,1,1,1,0,50000,0,1,1024,50000,0.00,531.13,0.543873
bw_sync,bw,mlx5_0,RC,1,1,1,1,1,0,50000,0,1,2048,50000,0.00,940.02,0.481289
bw_sync,bw,mlx5_0,RC,1,1,1,1,1,0,50000,0,1,4096,50000,0.00,1514.54,0.387723
bw_sync,bw,mlx5_0,RC,1,1,1,1,1,0,50000,0,1,8192,50000,0.00,2354.32,0.301353
bw_sync,bw,mlx5_0,RC,1,1,1,1,1,0,50000,0,1,16384,50000,0.00,3244.69,0.207660
bw_sync,bw,mlx5_0,RC,1,1,1,1,1,0,50000,0,1,32768,50000,0.00,4440.00,0.142080
bw_sync,bw,mlx5_0,RC,1,1,1,1,1,0,50000,0,1,65536,50000,0.00,6498.15,0.103970
bw_sync,bw,mlx5_0,RC,1,1,1,1,1,0,50000,0,1,2,50000,0.00,1.29,0.676019
bw_sync,bw,mlx5_0,RC,1,1,1,1,1,0,50000,0,1,4,50000,0.00,2.58,0.675783
bw_sync,bw,mlx5_0,RC,1,1,1,1,1,0,50000,0,1,8,50000,0.00,5.15,0.675259
bw_sync,bw,mlx5_0,RC,1,1,1,1,1,0,50000,0,1,16,50000,0.00,10.32,0.676169
bw_sync,bw,mlx5_0,RC,1,1,1,1,1,0,50000,0,1,32,50000,0.00,20.54,0.672929
bw_sync,bw,mlx5_0,RC,1,1,1,1,1,0,50000,0,1,64,50000,0.00,39.81,0.652182
bw_sync,bw,mlx5_0,RC,1,1,1,1,1,0,50000,0,1,128,50000,0.00,77.48,0.634743
bw_sync,bw,mlx5_0,RC,1,1,1,1,1,0,50000,0,1,256,50000,0.00,151.21,0.619358
bw_sync,bw,mlx5_0,RC,1,1,1,1,1,0,50000,0,1,512,50000,0.00,291.37,0.596731
bw_sync,bw,mlx5_0,RC,1,1,1,1,1,0,50000,0,1,1024,50000,0.00,542.23,0.555245
bw_sync,bw,mlx5_0,RC,1,1,1,1,1,0,50000,0,1,2048,50000,0.00,951.56,0.487198
bw_sync,bw,mlx5_0,RC,1,1,1,1,1,0,50000,0,1,4096,50000,0.00,1542.84,0.394968
bw_sync,bw,mlx5_0,RC,1,1,1,1,1,0,50000,0,1,8192,50000,0.00,2433.53,0.311492
bw_sync,bw,mlx5_0,RC,1,1,1,1,1,0,50000,0,1,16384,50000,0.00,3244.06,0.207620
bw_sync,bw,mlx5_0,RC,1,1,1,1,1,0,50000,0,1,32768,50000,0.00,4527.47,0.144879
bw_sync,bw,mlx5_0,RC,1,1,1,1,1,0,50000,0,1,65536,50000,0.00,6513.99,0.104224
bw_sync,bw,mlx5_0,RC,1,1,1,1,1,0,50000,0,1,2,50000,0.00,1.29,0.673747
bw_sync,bw,mlx5_0,RC,1,1,1,1,1,0,50000,0,1,4,50000,0.00,2.57,0.673761
bw_sync,bw,mlx5_0,RC,1,1,1,1,1,0,50000,0,1,8,50000,0.00,5.15,0.674807
bw_sync,bw,mlx5_0,RC,1,1,1,1,1,0,50000,0,1,16,50000,0.00,10.26,0.672078
bw_sync,bw,mlx5_0,RC,1,1,1,1,1,0,50000,0,1,32,50000,0.00,20.47,0.670638
bw_sync,bw,mlx5_0,RC,1,1,1,1,1,0,50000,0,1,64,50000,0.00,39.47,0.646644
bw_sync,bw,mlx5_0,RC,1,1,1,1,1,0,50000,0,1,128,50000,0.00,76.65,0.627887
bw_sync,bw,mlx5_0,RC,1,1,1,1,1,0,50000,0,1,256,50000,0.00,149.36,0.611776
bw_sync,bw,mlx5_0,RC,1,1,1,1,1,0,50000,0,1,512,50000,0.00,287.06,0.587889
bw_sync,bw,mlx5_0,RC,1,1,1,1,1,0,50000,0,1,1024,50000,0.00,537.65,0.550553
bw_sync,bw,mlx5_0,RC,1,1,1,1,1,0,50000,0,1,2048,50000,0.00,953.82,0.488358
bw_sync,bw,mlx5_0,RC,1,1,1,1,1,0,50000,0,1,4096,50000,0.00,1548.39,0.396387
bw_sync,bw,mlx5_0,RC,1,1,1,1,1,0,50000,0,1,8192,50000,0.00,2379.25,0.304543
bw_sync,bw,mlx5_0,RC,1,1,1,1,1,0,50000,0,1,16384,50000,0.00,3270.33,0.209301
bw_sync,bw,mlx5_0,RC,1,1,1,1,1,0,50000,0,1,32768,50000,0.00,4543.39,0.145389
bw_sync,bw,mlx5_0,RC,1,1,1,1,1,0,50000,0,1,65536,50000,0.00,6518.45,0.104295
bw_tx_depth,bw,mlx5_0,RC,1,1,1,1,1,0,50000,0,1,2,50000,0.00,1.29,0.674179
bw_tx_depth,bw,mlx5_0,RC,1,1,1,1,1,0,50000,0,1,4,50000,0.00,2.57,0.674970
bw_tx_depth,bw,mlx5_0,RC,1,1,1,1,1,0,50000,0,1,8,50000,0.00,5.14,0.673623
bw_tx_depth,bw,mlx5_0,RC,1,1,1,1,1,0,50000,0,1,16,50000,0.00,10.29,0.674188
bw_tx_depth,bw,mlx5_0,RC,1,1,1,1,1,0,50000,0,1,32,50000,0.00,20.37,0.667605
bw_tx_depth,bw,mlx5_0,RC,1,1,1,1,1,0,50000,0,1,64,50000,0.00,39.63,0.649243
bw_tx_depth,bw,mlx5_0,RC,1,1,1,1,1,0,50000,0,1,128,50000,0.00,76.74,0.628689
bw_tx_depth,bw,mlx5_0,RC,1,1,1,1,1,0,50000,0,1,256,50000,0.00,150.27,0.615500
bw_tx_depth,bw,mlx5_0,RC,1,1,1,1,1,0,50000,0,1,512,50000,0.00,286.76,0.587277
bw_tx_depth,bw,mlx5_0,RC,1,1,1,1,1,0,50000,0,1,1024,50000,0.00,540.63,0.553603
bw_tx_depth,bw,mlx5_0,RC,1,1,1,1,1,0,50000,0,1,2048,50000,0.00,984.98,0.504308
bw_tx_depth,bw,mlx5_0,RC,1,1,1,1,1,0,50000,0,1,4096,50000,0.00,1555.15,0.398119
bw_tx_depth,bw,mlx5_0,RC,1,1,1,1,1,0,50000,0,1,8192,50000,0.00,2359.69,0.302040
bw_tx_depth,bw,mlx5_0,RC,1,1,1,1,1,0,50000,0,1,16384,50000,0.00,3246.12,0.207751
bw_tx_depth,bw,mlx5_0,RC,1,1,1,1,1,0,50000,0,1,32768,50000,0.00,4516.40,0.144525
bw_tx_depth,bw,mlx5_0,RC,1,1,1,1,1,0,50000,0,1,65536,50000,0.00,6497.80,0.103965
bw_tx_depth,bw,mlx5_0,RC,1,1,1,1,1,0,50000,0,1,2,50000,0.00,1.25,0.657379
bw_tx_depth,bw,mlx5_0,RC,1,1,1,1,1,0,50000,0,1,4,50000,0.00,2.51,0.658222
bw_tx_depth,bw,mlx5_0,RC,1,1,1,1,1,0,50000,0,1,8,50000,0.00,5.03,0.659495
bw_tx_depth,bw,mlx5_0,RC,1,1,1,1,1,0,50000,0,1,16,50000,0.00,10.05,0.658455
bw_tx_depth,bw,mlx5_0,RC,1,1,1,1,1,0,50000,0,1,32,50000,0.00,19.91,0.652340
bw_tx_depth,bw,mlx5_0,RC,1,1,1,1,1,0,50000,0,1,64,50000,0.00,38.76,0.635036
bw_tx_depth,bw,mlx5_0,RC,1,1,1,1,1,0,50000,0,1,128,50000,0.00,74.87,0.613300
bw_tx_depth,bw,mlx5_0,RC,1,1,1,1,1,0,50000,0,1,256,50000,0.00,145.77,0.597077
bw_tx_depth,bw,mlx5_0,RC,1,1,1,1,1,0,50000,0,1,512,50000,0.00,281.00,0.575483
bw_tx_depth,bw,mlx5_0,RC,1,1,1,1,1,0,50000,0,1,1024,50000,0.00,530.66,0.543391
bw_tx_depth,bw,mlx5_0,RC,1,1,1,1,1,0,50000,0,1,2048,50000,0.00,940.82,0.481698
bw_tx_depth,bw,mlx5_0,RC,1,1,1,1,1,0,50000,0,1,4096,50000,0.00,1556.59,0.398488
bw_tx_depth,bw,mlx5_0,RC,1,1,1,1,1,0,50000,0,1,8192,50000,0.00,2339.54,0.299461
bw_tx_depth,bw,mlx5_0,RC,1,1,1,1,1,0,50000,0,1,16384,50000,0.00,3203.98,0.205055
bw_tx_depth,bw,mlx5_0,RC,1,1,1,1,1,0,50000,0,1,32768,50000,0.00,4492.55,0.143761
bw_tx_depth,bw,mlx5_0,RC,1,1,1,1,1,0,50000,0,1,65536,50000,0.00,6478.54,0.103657
bw_tx_depth,bw,mlx5_0,RC,1,1,1,1,1,0,50000,0,1,2,50000,0.00,1.24,0.651042
bw_tx_depth,bw,mlx5_0,RC,1,1,1,1,1,0,50000,0,1,4,50000,0.00,2.44,0.638615
bw_tx_depth,bw,mlx5_0,RC,1,1,1,1,1,0,50000,0,1,8,50000,0.00,4.92,0.645341
bw_tx_depth,bw,mlx5_0,RC,1,1,1,1,1,0,50000,0,1,16,50000,0.00,9.91,0.649140
bw_tx_depth,bw,mlx5_0,RC,1,1,1,1,1,0,50000,0,1,32,50000,0.00,19.64,0.643600
bw_tx_depth,bw,mlx5_0,RC,1,1,1,1,1,0,50000,0,1,64,50000,0.00,38.18,0.625513
bw_tx_depth,bw,mlx5_0,RC,1,1,1,1,1,0,50000,0,1,128,50000,0.00,72.89,0.597142
bw_tx_depth,bw,mlx5_0,RC,1,1,1,1,1,0,50000,0,1,256,50000,0.00,145.69,0.596737
bw_tx_depth,bw,mlx5_0,RC,1,1,1,1,1,0,50000,0,1,512,50000,0.00,249.97,0.511946
bw_tx_depth,bw,mlx5_0,RC,1,1,1,1,1,0,50000,0,1,1024,50000,0.00,499.75,0.511743
bw_tx_depth,bw,mlx5_0,RC,1,1,1,1,1,0,50000,0,1,2048,50000,0.00,947.24,0.484987
bw_tx_depth,bw,mlx5_0,RC,1,1,1,1,1,0,50000,0,1,4096,50000,0.00,1555.57,0.398225
bw_tx_depth,bw,mlx5_0,RC,1,1,1,1,1,0,50000,0,1,8192,50000,0.00,2380.06,0.304647
bw_tx_depth,bw,mlx5_0,RC,1,1,1,1,1,0,50000,0,1,16384,50000,0.00,3202.85,0.204983
bw_tx_depth,bw,mlx5_0,RC,1,1,1,1,1,0,50000,0,1,32768,50000,0.00,4482.15,0.143429
bw_tx_depth,bw,mlx5_0,RC,1,1,1,1,1,0,50000,0,1,65536,50000,0.00,6474.80,0.103597
bw_tx_depth,bw,mlx5_0,RC,2,1,1,1,1,0,50000,0,1,2,50000,0.00,2.44,1.279550
bw_tx_depth,bw,mlx5_0,RC,2,1,1,1,1,0,50000,0,1,4,50000,0.00,4.89,1.283098
bw_tx_depth,bw,mlx5_0,RC,2,1,1,1,1,0,50000,0,1,8,50000,0.00,9.79,1.282620
bw_tx_depth,bw,mlx5_0,RC,2,1,1,1,1,0,50000,0,1,16,50000,0.00,19.51,1.278643
bw_tx_depth,bw,mlx5_0,RC,2,1,1,1,1,0,50000,0,1,32,50000,0.00,38.90,1.274625
bw_tx_depth,bw,mlx5_0,RC,2,1,1,1,1,0,50000,0,1,64,50000,0.00,74.84,1.226224
bw_tx_depth,bw,mlx5_0,RC,2,1,1,1,1,0,50000,0,1,128,50000,0.00,145.46,1.191592
bw_tx_depth,bw,mlx5_0,RC,2,1,1,1,1,0,50000,0,1,256,50000,0.00,277.89,1.138251
bw_tx_depth,bw,mlx5_0,RC,2,1,1,1,1,0,50000,0,1,512,50000,0.00,548.08,1.122472
bw_tx_depth,bw,mlx5_0,RC,2,1,1,1,1,0,50000,0,1,1024,50000,0.00,1001.22,1.025250
bw_tx_depth,bw,mlx5_0,RC,2,1,1,1,1,0,50000,0,1,2048,50000,0.00,1823.98,0.933877
bw_tx_depth,bw,mlx5_0,RC,2,1,1,1,1,0,50000,0,1,4096,50000,0.00,2996.60,0.767129
bw_tx_depth,bw,mlx5_0,RC,2,1,1,1,1,0,50000,0,1,8192,50000,0.00,4647.97,0.594940
bw_tx_depth,bw,mlx5_0,RC,2,1,1,1,1,0,50000,0,1,16384,50000,0.00,6267.15,0.401098
bw_tx_depth,bw,mlx5_0,RC,2,1,1,1,1,0,50000,0,1,32768,50000,0.00,8474.74,0.271192
bw_tx_depth,bw,mlx5_0,RC,2,1,1,1,1,0,50000,0,1,65536,50000,0.00,9483.44,0.151735
bw_tx_depth,bw,mlx5_0,RC,2,1,1,1,1,0,50000,0,1,2,50000,0.00,2.44,1.278910
bw_tx_depth,bw,mlx5_0,RC,2,1,1,1,1,0,50000,0,1,4,50000,0.00,4.90,1.283484
bw_tx_depth,bw,mlx5_0,RC,2,1,1,1,1,0,50000,0,1,8,50000,0.00,9.81,1.285721
bw_tx_depth,bw,mlx5_0,RC,2,1,1,1,1,0,50000,0,1,16,50000,0.00,19.59,1.283610
bw_tx_depth,bw,mlx5_0,RC,2,1,1,1,1,0,50000,0,1,32,50000,0.00,39.00,1.277791
bw_tx_depth,bw,mlx5_0,RC,2,1,1,1,1,0,50000,0,1,64,50000,0.00,75.48,1.236709
bw_tx_depth,bw,mlx5_0,RC,2,1,1,1,1,0,50000,0,1,128,50000,0.00,147.30,1.206674
bw_tx_depth,bw,mlx5_0,RC,2,1,1,1,1,0,50000,0,1,256,50000,0.00,277.95,1.138475
bw_tx_depth,bw,mlx5_0,RC,2,1,1,1,1,0,50000,0,1,512,50000,0.00,549.81,1.126019
bw_tx_depth,bw,mlx5_0,RC,2,1,1,1,1,0,50000,0,1,1024,50000,0.00,1022.52,1.047064
bw_tx_depth,bw,mlx5_0,RC,2,1,1,1,1,0,50000,0,1,2048,50000,0.00,1837.03,0.940560
bw_tx_depth,bw,mlx5_0,RC,2,1,1,1,1,0,50000,0,1,4096,50000,0.00,3186.57,0.815762
bw_tx_depth,bw,mlx5_0,RC,2,1,1,1,1,0,50000,0,1,8192,50000,0.00,4736.21,0.606235
bw_tx_depth,bw,mlx5_0,RC,2,1,1,1,1,0,50000,0,1,16384,50000,0.00,6338.14,0.405641
bw_tx_depth,bw,mlx5_0,RC,2,1,1,1,1,0,50000,0,1,32768,50000,0.00,8495.67,0.271861
bw_tx_depth,bw,mlx5_0,RC,2,1,1,1,1,0,50000,0,1,65536,50000,0.00,9499.48,0.151992
bw_tx_depth,bw,mlx5_0,RC,2,1,1,1,1,0,50000,0,1,2,50000,0.00,2.55,1.338468
bw_tx_depth,bw,mlx5_0,RC,2,1,1,1,1,0,50000,0,1,4,50000,0.00,5.15,1.349619
bw_tx_depth,bw,mlx5_0,RC,2,1,1,1,1,0,50000,0,1,8,50000,0.00,10.25,1.343901
bw_tx_depth,bw,mlx5_0,RC,2,1,1,1,1,0,50000,0,1,16,50000,0.00,20.40,1.337099
bw_tx_depth,bw,mlx5_0,RC,2,1,1,1,1,0,50000,0,1,32,50000,0.00,40.66,1.332506
bw_tx_depth,bw,mlx5_0,RC,2,1,1,1,1,0,50000,0,1,64,50000,0.00,78.34,1.283448
bw_tx_depth,bw,mlx5_0,RC,2,1,1,1,1,0,50000,0,1,128,50000,0.00,153.34,1.256181
bw_tx_depth,bw,mlx5_0,RC,2,1,1,1,1,0,50000,0,1,256,50000,0.00,297.51,1.218584
bw_tx_depth,bw,mlx5_0,RC,2,1,1,1,1,0,50000,0,1,512,50000,0.00,580.62,1.189102
bw_tx_depth,bw,mlx5_0,RC,2,1,1,1,1,0,50000,0,1,1024,50000,0.00,1093.92,1.120177
bw_tx_depth,bw,mlx5_0,RC,2,1,1,1,1,0,50000,0,1,2048,50000,0.00,1895.46,0.970476
bw_tx_depth,bw,mlx5_0,RC,2,1,1,1,1,0,50000,0,1,4096,50000,0.00,3010.12,0.770592
bw_tx_depth,bw,mlx5_0,RC,2,1,1,1,1,0,50000,0,1,8192,50000,0.00,4743.30,0.607143
bw_tx_depth,bw,mlx5_0,RC,2,1,1,1,1,0,50000,0,1,16384,50000,0.00,6433.07,0.411717
bw_tx_depth,bw,mlx5_0,RC,2,1,1,1,1,0,50000,0,1,32768,50000,0.00,8633.85,0.276283
bw_tx_depth,bw,mlx5_0,RC,2,1,1,1,1,0,50000,0,1,65536,50000,0.00,9659.43,0.154551
bw_tx_depth,bw,mlx5_0,RC,4,1,1,1,1,0,50000,0,1,2,50000,0.00,4.26,2.235417
bw_tx_depth,bw,mlx5_0,RC,4,1,1,1,1,0,50000,0,1,4,50000,0.00,8.57,2.247622
bw_tx_depth,bw,mlx5_0,RC,4,1,1,1,1,0,50000,0,1,8,50000,0.00,17.15,2.247509
bw_tx_depth,bw,mlx5_0,RC,4,1,1,1,1,0,50000,0,1,16,50000,0.00,34.30,2.247854
bw_tx_depth,bw,mlx5_0,RC,4,1,1,1,1,0,50000,0,1,32,50000,0.00,68.43,2.242428
bw_tx_depth,bw,mlx5_0,RC,4,1,1,1,1,0,50000,0,1,64,50000,0.00,133.59,2.188769
bw_tx_depth,bw,mlx5_0,RC,4,1,1,1,1,0,50000,0,1,128,50000,0.00,253.95,2.080341
bw_tx_depth,bw,mlx5_0,RC,4,1,1,1,1,0,50000,0,1,256,50000,0.00,483.24,1.979337
bw_tx_depth,bw,mlx5_0,RC,4,1,1,1,1,0,50000,0,1,512,50000,0.00,922.32,1.888917
bw_tx_depth,bw,mlx5_0,RC,4,1,1,1,1,0,50000,0,1,1024,50000,0.00,1688.18,1.728693
bw_tx_depth,bw,mlx5_0,RC,4,1,1,1,1,0,50000,0,1,2048,50000,0.00,2990.51,1.531142
bw_tx_depth,bw,mlx5_0,RC,4,1,1,1,1,0,50000,0,1,4096,50000,0.00,4718.32,1.207889
bw_tx_depth,bw,mlx5_0,RC,4,1,1,1,1,0,50000,0,1,8192,50000,0.00,6512.69,0.833624
bw_tx_depth,bw,mlx5_0,RC,4,1,1,1,1,0,50000,0,1,16384,50000,0.00,8559.89,0.547833
bw_tx_depth,bw,mlx5_0,RC,4,1,1,1,1,0,50000,0,1,32768,50000,0.00,9870.86,0.315868
bw_tx_depth,bw,mlx5_0,RC,4,1,1,1,1,0,50000,0,1,65536,50000,0.00,11058.09,0.176929
bw_tx_depth,bw,mlx5_0,RC,4,1,1,1,1,0,50000,0,1,2,50000,0.00,4.24,2.223106
bw_tx_depth,bw,mlx5_0,RC,4,1,1,1,1,0,50000,0,1,4,50000,0.00,8.60,2.255107
bw_tx_depth,bw,mlx5_0,RC,4,1,1,1,1,0,50000,0,1,8,50000,0.00,17.23,2.258666
bw_tx_depth,bw,mlx5_0,RC,4,1,1,1,1,0,50000,0,1,16,50000,0.00,34.42,2.255619
bw_tx_depth,bw,mlx5_0,RC,4,1,1,1,1,0,50000,0,1,32,50000,0.00,69.42,2.274806
bw_tx_depth,bw,mlx5_0,RC,4,1,1,1,1,0,50000,0,1,64,50000,0.00,141.28,2.314728
bw_tx_depth,bw,mlx5_0,RC,4,1,1,1,1,0,50000,0,1,128,50000,0.00,268.31,2.198029
bw_tx_depth,bw,mlx5_0,RC,4,1,1,1,1,0,50000,0,1,256,50000,0.00,512.35,2.098572
bw_tx_depth,bw,mlx5_0,RC,4,1,1,1,1,0,50000,0,1,512,50000,0.00,974.34,1.995454
bw_tx_depth,bw,mlx5_0,RC,4,1,1,1,1,0,50000,0,1,1024,50000,0.00,1789.19,1.832126
bw_tx_depth,bw,mlx5_0,RC,4,1,1,1,1,0,50000,0,1,2048,50000,0.00,3009.80,1.541017
bw_tx_depth,bw,mlx5_0,RC,4,1,1,1,1,0,50000,0,1,4096,50000,0.00,4573.52,1.170820
bw_tx_depth,bw,mlx5_0,RC,4,1,1,1,1,0,50000,0,1,8192,50000,0.00,6517.87,0.834287
bw_tx_depth,bw,mlx5_0,RC,4,1,1,1,1,0,50000,0,1,16384,50000,0.00,8675.36,0.555223
bw_tx_depth,bw,mlx5_0,RC,4,1,1,1,1,0,50000,0,1,32768,50000,0.00,9855.15,0.315365
bw_tx_depth,bw,mlx5_0,RC,4,1,1,1,1,0,50000,0,1,65536,50000,0.00,11034.21,0.176547
bw_tx_depth,bw,mlx5_0,RC,4,1,1,1,1,0,50000,0,1,2,50000,0.00,4.22,2.214614
bw_tx_depth,bw,mlx5_0,RC,4,1,1,1,1,0,50000,0,1,4,50000,0.00,8.53,2.236867
bw_tx_depth,bw,mlx5_0,RC,4,1,1,1,1,0,50000,0,1,8,50000,0.00,17.09,2.239655
bw_tx_depth,bw,mlx5_0,RC,4,1,1,1,1,0,50000,0,1,16,50000,0.00,34.02,2.229255
bw_tx_depth,bw,mlx5_0,RC,4,1,1,1,1,0,50000,0,1,32,50000,0.00,67.78,2.220872
bw_tx_depth,bw,mlx5_0,RC,4,1,1,1,1,0,50000,0,1,64,50000,0.00,131.92,2.161342
bw_tx_depth,bw,mlx5_0,RC,4,1,1,1,1,0,50000,0,1,128,50000,0.00,250.11,2.048939
bw_tx_depth,bw,mlx5_0,RC,4,1,1,1,1,0,50000,0,1,256,50000,0.00,480.73,1.969057
bw_tx_depth,bw,mlx5_0,RC,4,1,1,1,1,0,50000,0,1,512,50000,0.00,915.82,1.875603
bw_tx_depth,bw,mlx5_0,RC,4,1,1,1,1,0,50000,0,1,1024,50000,0.00,1676.26,1.716488
bw_tx_depth,bw,mlx5_0,RC,4,1,1,1,1,0,50000,0,1,2048,50000,0.00,2994.57,1.533220
bw_tx_depth,bw,mlx5_0,RC,4,1,1,1,1,0,50000,0,1,4096,50000,0.00,4601.00,1.177856
bw_tx_depth,bw,mlx5_0,RC,4,1,1,1,1,0,50000,0,1,8192,50000,0.00,6231.02,0.797571
bw_tx_depth,bw,mlx5_0,RC,4,1,1,1,1,0,50000,0,1,16384,50000,0.00,8569.43,0.548444
bw_tx_depth,bw,mlx5_0,RC,4,1,1,1,1,0,50000,0,1,32768,50000,0.00,9781.71,0.313015
bw_tx_depth,bw,mlx5_0,RC,4,1,1,1,1,0,50000,0,1,65536,50000,0.00,11113.89,0.177822
bw_tx_depth,bw,mlx5_0,RC,8,1,1,1,1,0,50000,0,1,2,50000,0.00,7.19,3.768060
bw_tx_depth,bw,mlx5_0,RC,8,1,1,1,1,0,50000,0,1,4,50000,0.00,14.49,3.798350
bw_tx_depth,bw,mlx5_0,RC,8,1,1,1,1,0,50000,0,1,8,50000,0.00,28.93,3.792477
bw_tx_depth,bw,mlx5_0,RC,8,1,1,1,1,0,50000,0,1,16,50000,0.00,57.78,3.786806
bw_tx_depth,bw,mlx5_0,RC,8,1,1,1,1,0,50000,0,1,32,50000,0.00,114.83,3.762891
bw_tx_depth,bw,mlx5_0,RC,8,1,1,1,1,0,50000,0,1,64,50000,0.00,222.44,3.644447
bw_tx_depth,bw,mlx5_0,RC,8,1,1,1,1,0,50000,0,1,128,50000,0.00,429.16,3.515712
bw_tx_depth,bw,mlx5_0,RC,8,1,1,1,1,0,50000,0,1,256,50000,0.00,827.86,3.390908
bw_tx_depth,bw,mlx5_0,RC,8,1,1,1,1,0,50000,0,1,512,50000,0.00,1586.05,3.248233
bw_tx_depth,bw,mlx5_0,RC,8,1,1,1,1,0,50000,0,1,1024,50000,0.00,2990.72,3.062499
bw_tx_depth,bw,mlx5_0,RC,8,1,1,1,1,0,50000,0,1,2048,50000,0.00,4897.85,2.507699
bw_tx_depth,bw,mlx5_0,RC,8,1,1,1,1,0,50000,0,1,4096,50000,0.00,6700.04,1.715211
bw_tx_depth,bw,mlx5_0,RC,8,1,1,1,1,0,50000,0,1,8192,50000,0.00,8620.00,1.103360
bw_tx_depth,bw,mlx5_0,RC,8,1,1,1,1,0,50000,0,1,16384,50000,0.00,10167.44,0.650716
bw_tx_depth,bw,mlx5_0,RC,8,1,1,1,1,0,50000,0,1,32768,50000,0.00,11081.92,0.354621
bw_tx_depth,bw,mlx5_0,RC,8,1,1,1,1,0,50000,0,1,65536,50000,0.00,10983.43,0.175735
bw_tx_depth,bw,mlx5_0,RC,8,1,1,1,1,0,50000,0,1,2,50000,0.00,7.09,3.719594
bw_tx_depth,bw,mlx5_0,RC,8,1,1,1,1,0,50000,0,1,4,50000,0.00,14.39,3.773466
bw_tx_depth,bw,mlx5_0,RC,8,1,1,1,1,0,50000,0,1,8,50000,0.00,28.97,3.796538
bw_tx_depth,bw,mlx5_0,RC,8,1,1,1,1,0,50000,0,1,16,50000,0.00,57.63,3.776698
bw_tx_depth,bw,mlx5_0,RC,8,1,1,1,1,0,50000,0,1,32,50000,0.00,114.93,3.765966
bw_tx_depth,bw,mlx5_0,RC,8,1,1,1,1,0,50000,0,1,64,50000,0.00,222.43,3.644288
bw_tx_depth,bw,mlx5_0,RC,8,1,1,1,1,0,50000,0,1,128,50000,0.00,430.82,3.529316
bw_tx_depth,bw,mlx5_0,RC,8,1,1,1,1,0,50000,0,1,256,50000,0.00,807.89,3.309127
bw_tx_depth,bw,mlx5_0,RC,8,1,1,1,1,0,50000,0,1,512,50000,0.00,1514.41,3.101511
bw_tx_depth,bw,mlx5_0,RC,8,1,1,1,1,0,50000,0,1,1024,50000,0.00,2981.97,3.053536
bw_tx_depth,bw,mlx5_0,RC,8,1,1,1,1,0,50000,0,1,2048,50000,0.00,4823.26,2.469509
bw_tx_depth,bw,mlx5_0,RC,8,1,1,1,1,0,50000,0,1,4096,50000,0.00,6316.18,1.616943
bw_tx_depth,bw,mlx5_0,RC,8,1,1,1,1,0,50000,0,1,8192,50000,0.00,8455.96,1.082362
bw_tx_depth,bw,mlx5_0,RC,8,1,1,1,1,0,50000,0,1,16384,50000,0.00,10102.91,0.646587
bw_tx_depth,bw,mlx5_0,RC,8,1,1,1,1,0,50000,0,1,32768,50000,0.00,11093.10,0.354979
bw_tx_depth,bw,mlx5_0,RC,8,1,1,1,1,0,50000,0,1,65536,50000,0.00,10966.63,0.175466
bw_tx_depth,bw,mlx5_0,RC,8,1,1,1,1,0,50000,0,1,2,50000,0.00,7.43,3.894083
bw_tx_depth,bw,mlx5_0,RC,8,1,1,1,1,0,50000,0,1,4,50000,0.00,15.00,3.933305
bw_tx_depth,bw,mlx5_0,RC,8,1,1,1,1,0,50000,0,1,8,50000,0.00,30.11,3.946598
bw_tx_depth,bw,mlx5_0,RC,8,1,1,1,1,0,50000,0,1,16,50000,0.00,60.21,3.946080
bw_tx_depth,bw,mlx5_0,RC,8,1,1,1,1,0,50000,0,1,32,50000,0.00,119.63,3.920061
bw_tx_depth,bw,mlx5_0,RC,8,1,1,1,1,0,50000,0,1,64,50000,0.00,232.65,3.811657
bw_tx_depth,bw,mlx5_0,RC,8,1,1,1,1,0,50000,0,1,128,50000,0.00,452.98,3.710782
bw_tx_depth,bw,mlx5_0,RC,8,1,1,1,1,0,50000,0,1,256,50000,0.00,869.37,3.560958
bw_tx_depth,bw,mlx5_0,RC,8,1,1,1,1,0,50000,0,1,512,50000,0.00,1661.63,3.403021
bw_tx_depth,bw,mlx5_0,RC,8,1,1,1,1,0,50000,0,1,1024,50000,0.00,3006.25,3.078404
bw_tx_depth,bw,mlx5_0,RC,8,1,1,1,1,0,50000,0,1,2048,50000,0.00,4821.46,2.468587
bw_tx_depth,bw,mlx5_0,RC,8,1,1,1,1,0,50000,0,1,4096,50000,0.00,6293.43,1.611118
bw_tx_depth,bw,mlx5_0,RC,8,1,1,1,1,0,50000,0,1,8192,50000,0.00,8569.35,1.096877
bw_tx_depth,bw,mlx5_0,RC,8,1,1,1,1,0,50000,0,1,16384,50000,0.00,10174.46,0.651166
bw_tx_depth,bw,mlx5_0,RC,8,1,1,1,1,0,50000,0,1,32768,50000,0.00,11196.41,0.358285
bw_tx_depth,bw,mlx5_0,RC,8,1,1,1,1,0,50000,0,1,65536,50000,0.00,11043.33,0.176693
bw_tx_depth,bw,mlx5_0,RC,16,1,1,1,1,0,50000,0,1,2,50000,0.00,11.56,6.060346
bw_tx_depth,bw,mlx5_0,RC,16,1,1,1,1,0,50000,0,1,4,50000,0.00,24.22,6.348980
bw_tx_depth,bw,mlx5_0,RC,16,1,1,1,1,0,50000,0,1,8,50000,0.00,47.85,6.271234
bw_tx_depth,bw,mlx5_0,RC,16,1,1,1,1,0,50000,0,1,16,50000,0.00,95.53,6.260543
bw_tx_depth,bw,mlx5_0,RC,16,1,1,1,1,0,50000,0,1,32,50000,0.00,191.01,6.258966
bw_tx_depth,bw,mlx5_0,RC,16,1,1,1,1,0,50000,0,1,64,50000,0.00,373.52,6.119817
bw_tx_depth,bw,mlx5_0,RC,16,1,1,1,1,0,50000,0,1,128,50000,0.00,726.09,5.948097
bw_tx_depth,bw,mlx5_0,RC,16,1,1,1,1,0,50000,0,1,256,50000,0.00,1391.07,5.697832
bw_tx_depth,bw,mlx5_0,RC,16,1,1,1,1,0,50000,0,1,512,50000,0.00,2707.80,5.545579
bw_tx_depth,bw,mlx5_0,RC,16,1,1,1,1,0,50000,0,1,1024,50000,0.00,4787.53,4.902428
bw_tx_depth,bw,mlx5_0,RC,16,1,1,1,1,0,50000,0,1,2048,50000,0.00,6832.16,3.498065
bw_tx_depth,bw,mlx5_0,RC,16,1,1,1,1,0,50000,0,1,4096,50000,0.00,8306.58,2.126485
bw_tx_depth,bw,mlx5_0,RC,16,1,1,1,1,0,50000,0,1,8192,50000,0.00,10307.86,1.319406
bw_tx_depth,bw,mlx5_0,RC,16,1,1,1,1,0,50000,0,1,16384,50000,0.00,11049.01,0.707137
bw_tx_depth,bw,mlx5_0,RC,16,1,1,1,1,0,50000,0,1,32768,50000,0.00,11057.14,0.353829
bw_tx_depth,bw,mlx5_0,RC,16,1,1,1,1,0,50000,0,1,65536,50000,0.00,11127.60,0.178042
bw_tx_depth,bw,mlx5_0,RC,16,1,1,1,1,0,50000,0,1,2,50000,0.00,11.46,6.010355
bw_tx_depth,bw,mlx5_0,RC,16,1,1,1,1,0,50000,0,1,4,50000,0.00,24.05,6.303394
bw_tx_depth,bw,mlx5_0,RC,16,1,1,1,1,0,50000,0,1,8,50000,0.00,47.81,6.266321
bw_tx_depth,bw,mlx5_0,RC,16,1,1,1,1,0,50000,0,1,16,50000,0.00,97.15,6.366987
bw_tx_depth,bw,mlx5_0,RC,16,1,1,1,1,0,50000,0,1,32,50000,0.00,190.81,6.252500
bw_tx_depth,bw,mlx5_0,RC,16,1,1,1,1,0,50000,0,1,64,50000,0.00,378.68,6.204368
bw_tx_depth,bw,mlx5_0,RC,16,1,1,1,1,0,50000,0,1,128,50000,0.00,731.83,5.995139
bw_tx_depth,bw,mlx5_0,RC,16,1,1,1,1,0,50000,0,1,256,50000,0.00,1421.90,5.824087
bw_tx_depth,bw,mlx5_0,RC,16,1,1,1,1,0,50000,0,1,512,50000,0.00,2709.89,5.549858
bw_tx_depth,bw,mlx5_0,RC,16,1,1,1,1,0,50000,0,1,1024,50000,0.00,4705.12,4.818045
bw_tx_depth,bw,mlx5_0,RC,16,1,1,1,1,0,50000,0,1,2048,50000,0.00,6628.83,3.393962
bw_tx_depth,bw,mlx5_0,RC,16,1,1,1,1,0,50000,0,1,4096,50000,0.00,8304.74,2.126013
bw_tx_depth,bw,mlx5_0,RC,16,1,1,1,1,0,50000,0,1,8192,50000,0.00,10224.76,1.308770
bw_tx_depth,bw,mlx5_0,RC,16,1,1,1,1,0,50000,0,1,16384,50000,0.00,11012.45,0.704797
bw_tx_depth,bw,mlx5_0,RC,16,1,1,1,1,0,50000,0,1,32768,50000,0.00,11059.81,0.353914
bw_tx_depth,bw,mlx5_0,RC,16,1,1,1,1,0,50000,0,1,65536,50000,0.00,11056.46,0.176903
bw_tx_depth,bw,mlx5_0,RC,16,1,1,1,1,0,50000,0,1,2,50000,0.00,11.72,6.145203
bw_tx_depth,bw,mlx5_0,RC,16,1,1,1,1,0,50000,0,1,4,50000,0.00,24.01,6.292846
bw_tx_depth,bw,mlx5_0,RC,16,1,1,1,1,0,50000,0,1,8,50000,0.00,47.28,6.196536
bw_tx_depth,bw,mlx5_0,RC,16,1,1,1,1,0,50000,0,1,16,50000,0.00,96.26,6.308345
bw_tx_depth,bw,mlx5_0,RC,16,1,1,1,1,0,50000,0,1,32,50000,0.00,190.85,6.253855
bw_tx_depth,bw,mlx5_0,RC,16,1,1,1,1,0,50000,0,1,64,50000,0.00,373.18,6.114227
bw_tx_depth,bw,mlx5_0,RC,16,1,1,1,1,0,50000,0,1,128,50000,0.00,732.01,5.996646
bw_tx_depth,bw,mlx5_0,RC,16,1,1,1,1,0,50000,0,1,256,50000,0.00,1419.37,5.813746
bw_tx_depth,bw,mlx5_0,RC,16,1,1,1,1,0,50000,0,1,512,50000,0.00,2699.21,5.527978
bw_tx_depth,bw,mlx5_0,RC,16,1,1,1,1,0,50000,0,1,1024,50000,0.00,4679.84,4.792153
bw_tx_depth,bw,mlx5_0,RC,16,1,1,1,1,0,50000,0,1,2048,50000,0.00,6750.46,3.456234
bw_tx_depth,bw,mlx5_0,RC,16,1,1,1,1,0,50000,0,1,4096,50000,0.00,8322.81,2.130640
bw_tx_depth,bw,mlx5_0,RC,16,1,1,1,1,0,50000,0,1,8192,50000,0.00,10337.12,1.323151
bw_tx_depth,bw,mlx5_0,RC,16,1,1,1,1,0,50000,0,1,16384,50000,0.00,11128.74,0.712240
bw_tx_depth,bw,mlx5_0,RC,16,1,1,1,1,0,50000,0,1,32768,50000,0.00,11254.87,0.360156
bw_tx_depth,bw,mlx5_0,RC,16,1,1,1,1,0,50000,0,1,65536,50000,0.00,11203.22,0.179251
bw_tx_depth,bw,mlx5_0,RC,32,1,1,1,1,0,50000,0,1,2,50000,0.00,13.22,6.931300
bw_tx_depth,bw,mlx5_0,RC,32,1,1,1,1,0,50000,0,1,4,50000,0.00,27.06,7.093809
bw_tx_depth,bw,mlx5_0,RC,32,1,1,1,1,0,50000,0,1,8,50000,0.00,53.83,7.055511
bw_tx_depth,bw,mlx5_0,RC,32,1,1,1,1,0,50000,0,1,16,50000,0.00,107.72,7.059783
bw_tx_depth,bw,mlx5_0,RC,32,1,1,1,1,0,50000,0,1,32,50000,0.00,216.95,7.108991
bw_tx_depth,bw,mlx5_0,RC,32,1,1,1,1,0,50000,0,1,64,50000,0.00,432.66,7.088725
bw_tx_depth,bw,mlx5_0,RC,32,1,1,1,1,0,50000,0,1,128,50000,0.00,854.00,6.995951
bw_tx_depth,bw,mlx5_0,RC,32,1,1,1,1,0,50000,0,1,256,50000,0.00,1722.80,7.056578
bw_tx_depth,bw,mlx5_0,RC,32,1,1,1,1,0,50000,0,1,512,50000,0.00,2670.31,5.468786
bw_tx_depth,bw,mlx5_0,RC,32,1,1,1,1,0,50000,0,1,1024,50000,0.00,6102.32,6.248781
bw_tx_depth,bw,mlx5_0,RC,32,1,1,1,1,0,50000,0,1,2048,50000,0.00,9067.52,4.642570
bw_tx_depth,bw,mlx5_0,RC,32,1,1,1,1,0,50000,0,1,4096,50000,0.00,10733.72,2.747832
bw_tx_depth,bw,mlx5_0,RC,32,1,1,1,1,0,50000,0,1,8192,50000,0.00,11046.25,1.413920
bw_tx_depth,bw,mlx5_0,RC,32,1,1,1,1,0,50000,0,1,16384,50000,0.00,11197.33,0.716629
bw_tx_depth,bw,mlx5_0,RC,32,1,1,1,1,0,50000,0,1,32768,50000,0.00,11060.58,0.353939
bw_tx_depth,bw,mlx5_0,RC,32,1,1,1,1,0,50000,0,1,65536,50000,0.00,11168.02,0.178688
bw_tx_depth,bw,mlx5_0,RC,32,1,1,1,1,0,50000,0,1,2,50000,0.00,13.24,6.940300
bw_tx_depth,bw,mlx5_0,RC,32,1,1,1,1,0,50000,0,1,4,50000,0.00,26.92,7.056741
bw_tx_depth,bw,mlx5_0,RC,32,1,1,1,1,0,50000,0,1,8,50000,0.00,54.30,7.117623
bw_tx_depth,bw,mlx5_0,RC,32,1,1,1,1,0,50000,0,1,16,50000,0.00,108.90,7.137154
bw_tx_depth,bw,mlx5_0,RC,32,1,1,1,1,0,50000,0,1,32,50000,0.00,216.50,7.094413
bw_tx_depth,bw,mlx5_0,RC,32,1,1,1,1,0,50000,0,1,64,50000,0.00,424.78,6.959533
bw_tx_depth,bw,mlx5_0,RC,32,1,1,1,1,0,50000,0,1,128,50000,0.00,851.27,6.973582
bw_tx_depth,bw,mlx5_0,RC,32,1,1,1,1,0,50000,0,1,256,50000,0.00,1722.14,7.053871
bw_tx_depth,bw,mlx5_0,RC,32,1,1,1,1,0,50000,0,1,512,50000,0.00,2568.47,5.260223
bw_tx_depth,bw,mlx5_0,RC,32,1,1,1,1,0,50000,0,1,1024,50000,0.00,6136.53,6.283811
bw_tx_depth,bw,mlx5_0,RC,32,1,1,1,1,0,50000,0,1,2048,50000,0.00,9106.46,4.662505
bw_tx_depth,bw,mlx5_0,RC,32,1,1,1,1,0,50000,0,1,4096,50000,0.00,10594.57,2.712209
bw_tx_depth,bw,mlx5_0,RC,32,1,1,1,1,0,50000,0,1,8192,50000,0.00,11198.14,1.433361
bw_tx_depth,bw,mlx5_0,RC,32,1,1,1,1,0,50000,0,1,16384,50000,0.00,11158.93,0.714171
bw_tx_depth,bw,mlx5_0,RC,32,1,1,1,1,0,50000,0,1,32768,50000,0.00,11239.93,0.359678
bw_tx_depth,bw,mlx5_0,RC,32,1,1,1,1,0,50000,0,1,65536,50000,0.00,11100.18,0.177603
bw_tx_depth,bw,mlx5_0,RC,32,1,1,1,1,0,50000,0,1,2,50000,0.00,13.35,6.997163
bw_tx_depth,bw,mlx5_0,RC,32,1,1,1,1,0,50000,0,1,4,50000,0.00,26.88,7.045804
bw_tx_depth,bw,mlx5_0,RC,32,1,1,1,1,0,50000,0,1,8,50000,0.00,53.89,7.063501
bw_tx_depth,bw,mlx5_0,RC,32,1,1,1,1,0,50000,0,1,16,50000,0.00,107.86,7.068682
bw_tx_depth,bw,mlx5_0,RC,32,1,1,1,1,0,50000,0,1,32,50000,0.00,215.71,7.068273
bw_tx_depth,bw,mlx5_0,RC,32,1,1,1,1,0,50000,0,1,64,50000,0.00,430.80,7.058221
bw_tx_depth,bw,mlx5_0,RC,32,1,1,1,1,0,50000,0,1,128,50000,0.00,842.62,6.902710
bw_tx_depth,bw,mlx5_0,RC,32,1,1,1,1,0,50000,0,1,256,50000,0.00,1670.16,6.840980
bw_tx_depth,bw,mlx5_0,RC,32,1,1,1,1,0,50000,0,1,512,50000,0.00,3344.10,6.848720
bw_tx_depth,bw,mlx5_0,RC,32,1,1,1,1,0,50000,0,1,1024,50000,0.00,6104.18,6.250676
bw_tx_depth,bw,mlx5_0,RC,32,1,1,1,1,0,50000,0,1,2048,50000,0.00,9109.02,4.663816
bw_tx_depth,bw,mlx5_0,RC,32,1,1,1,1,0,50000,0,1,4096,50000,0.00,10576.68,2.707631
bw_tx_depth,bw,mlx5_0,RC,32,1,1,1,1,0,50000,0,1,8192,50000,0.00,11116.96,1.422971
bw_tx_depth,bw,mlx5_0,RC,32,1,1,1,1,0,50000,0,1,16384,50000,0.00,11116.04,0.711427
bw_tx_depth,bw,mlx5_0,RC,32,1,1,1,1,0,50000,0,1,32768,50000,0.00,11076.22,0.354439
bw_tx_depth,bw,mlx5_0,RC,32,1,1,1,1,0,50000,0,1,65536,50000,0.00,11116.58,0.177865
bw_tx_depth,bw,mlx5_0,RC,64,1,1,1,1,0,50000,0,1,2,50000,0.00,13.38,7.017053
bw_tx_depth,bw,mlx5_0,RC,64,1,1,1,1,0,50000,0,1,4,50000,0.00,27.19,7.126777
bw_tx_depth,bw,mlx5_0,RC,64,1,1,1,1,0,50000,0,1,8,50000,0.00,55.12,7.225277
bw_tx_depth,bw,mlx5_0,RC,64,1,1,1,1,0,50000,0,1,16,50000,0.00,108.35,7.100534
bw_tx_depth,bw,mlx5_0,RC,64,1,1,1,1,0,50000,0,1,32,50000,0.00,217.44,7.125213
bw_tx_depth,bw,mlx5_0,RC,64,1,1,1,1,0,50000,0,1,64,50000,0.00,440.23,7.212722
bw_tx_depth,bw,mlx5_0,RC,64,1,1,1,1,0,50000,0,1,128,50000,0.00,878.39,7.195754
bw_tx_depth,bw,mlx5_0,RC,64,1,1,1,1,0,50000,0,1,256,50000,0.00,1726.07,7.069993
bw_tx_depth,bw,mlx5_0,RC,64,1,1,1,1,0,50000,0,1,512,50000,0.00,2692.30,5.513830
bw_tx_depth,bw,mlx5_0,RC,64,1,1,1,1,0,50000,0,1,1024,50000,0.00,6509.14,6.665358
bw_tx_depth,bw,mlx5_0,RC,64,1,1,1,1,0,50000,0,1,2048,50000,0.00,10736.62,5.497149
bw_tx_depth,bw,mlx5_0,RC,64,1,1,1,1,0,50000,0,1,4096,50000,0.00,11479.29,2.938699
bw_tx_depth,bw,mlx5_0,RC,64,1,1,1,1,0,50000,0,1,8192,50000,0.00,11460.49,1.466942
bw_tx_depth,bw,mlx5_0,RC,64,1,1,1,1,0,50000,0,1,16384,50000,0.00,11152.64,0.713769
bw_tx_depth,bw,mlx5_0,RC,64,1,1,1,1,0,50000,0,1,32768,50000,0.00,11189.16,0.358053
bw_tx_depth,bw,mlx5_0,RC,64,1,1,1,1,0,50000,0,1,65536,50000,0.00,11162.88,0.178606
bw_tx_depth,bw,mlx5_0,RC,64,1,1,1,1,0,50000,0,1,2,50000,0.00,13.44,7.044198
bw_tx_depth,bw,mlx5_0,RC,64,1,1,1,1,0,50000,0,1,4,50000,0.00,27.48,7.205021
bw_tx_depth,bw,mlx5_0,RC,64,1,1,1,1,0,50000,0,1,8,50000,0.00,55.01,7.209913
bw_tx_depth,bw,mlx5_0,RC,64,1,1,1,1,0,50000,0,1,16,50000,0.00,108.23,7.092705
bw_tx_depth,bw,mlx5_0,RC,64,1,1,1,1,0,50000,0,1,32,50000,0.00,219.11,7.179914
bw_tx_depth,bw,mlx5_0,RC,64,1,1,1,1,0,50000,0,1,64,50000,0.00,433.96,7.109993
bw_tx_depth,bw,mlx5_0,RC,64,1,1,1,1,0,50000,0,1,128,50000,0.00,863.11,7.070559
bw_tx_depth,bw,mlx5_0,RC,64,1,1,1,1,0,50000,0,1,256,50000,0.00,1731.62,7.092715
bw_tx_depth,bw,mlx5_0,RC,64,1,1,1,1,0,50000,0,1,512,50000,0.00,3444.28,7.053878
bw_tx_depth,bw,mlx5_0,RC,64,1,1,1,1,0,50000,0,1,1024,50000,0.00,6492.28,6.648092
bw_tx_depth,bw,mlx5_0,RC,64,1,1,1,1,0,50000,0,1,2048,50000,0.00,10776.10,5.517362
bw_tx_depth,bw,mlx5_0,RC,64,1,1,1,1,0,50000,0,1,4096,50000,0.00,11412.46,2.921589
bw_tx_depth,bw,mlx5_0,RC,64,1,1,1,1,0,50000,0,1,8192,50000,0.00,11301.33,1.446570
bw_tx_depth,bw,mlx5_0,RC,64,1,1,1,1,0,50000,0,1,16384,50000,0.00,10954.07,0.701060
bw_tx_depth,bw,mlx5_0,RC,64,1,1,1,1,0,50000,0,1,32768,50000,0.00,11051.44,0.353646
bw_tx_depth,bw,mlx5_0,RC,64,1,1,1,1,0,50000,0,1,65536,50000,0.00,11082.71,0.177323
bw_tx_depth,bw,mlx5_0,RC,64,1,1,1,1,0,50000,0,1,2,50000,0.00,13.63,7.145038
bw_tx_depth,bw,mlx5_0,RC,64,1,1,1,1,0,50000,0,1,4,50000,0.00,27.39,7.179878
bw_tx_depth,bw,mlx5_0,RC,64,1,1,1,1,0,50000,0,1,8,50000,0.00,54.55,7.149484
bw_tx_depth,bw,mlx5_0,RC,64,1,1,1,1,0,50000,0,1,16,50000,0.00,108.12,7.085802
bw_tx_depth,bw,mlx5_0,RC,64,1,1,1,1,0,50000,0,1,32,50000,0.00,217.39,7.123589
bw_tx_depth,bw,mlx5_0,RC,64,1,1,1,1,0,50000,0,1,64,50000,0.00,437.75,7.172021
bw_tx_depth,bw,mlx5_0,RC,64,1,1,1,1,0,50000,0,1,128,50000,0.00,865.91,7.093546
bw_tx_depth,bw,mlx5_0,RC,64,1,1,1,1,0,50000,0,1,256,50000,0.00,1717.47,7.034742
bw_tx_depth,bw,mlx5_0,RC,64,1,1,1,1,0,50000,0,1,512,50000,0.00,3435.09,7.035069
bw_tx_depth,bw,mlx5_0,RC,64,1,1,1,1,0,50000,0,1,1024,50000,0.00,6460.09,6.615132
bw_tx_depth,bw,mlx5_0,RC,64,1,1,1,1,0,50000,0,1,2048,50000,0.00,10813.67,5.536598
bw_tx_depth,bw,mlx5_0,RC,64,1,1,1,1,0,50000,0,1,4096,50000,0.00,11601.06,2.969870
bw_tx_depth,bw,mlx5_0,RC,64,1,1,1,1,0,50000,0,1,8192,50000,0.00,11474.74,1.468766
bw_tx_depth,bw,mlx5_0,RC,64,1,1,1,1,0,50000,0,1,16384,50000,0.00,10965.84,0.701814
bw_tx_depth,bw,mlx5_0,RC,64,1,1,1,1,0,50000,0,1,32768,50000,0.00,11088.53,0.354833
bw_tx_depth,bw,mlx5_0,RC,64,1,1,1,1,0,50000,0,1,65536,50000,0.00,11123.22,0.177971
bw_tx_depth,bw,mlx5_0,RC,128,1,1,1,1,0,50000,0,1,2,50000,0.00,13.54,7.099405
bw_tx_depth,bw,mlx5_0,RC,128,1,1,1,1,0,50000,0,1,4,50000,0.00,27.51,7.211033
bw_tx_depth,bw,mlx5_0,RC,128,1,1,1,1,0,50000,0,1,8,50000,0.00,54.37,7.125990
bw_tx_depth,bw,mlx5_0,RC,128,1,1,1,1,0,50000,0,1,16,50000,0.00,108.70,7.123466
bw_tx_depth,bw,mlx5_0,RC,128,1,1,1,1,0,50000,0,1,32,50000,0.00,218.33,7.154099
bw_tx_depth,bw,mlx5_0,RC,128,1,1,1,1,0,50000,0,1,64,50000,0.00,438.29,7.180879
bw_tx_depth,bw,mlx5_0,RC,128,1,1,1,1,0,50000,0,1,128,50000,0.00,860.31,7.047700
bw_tx_depth,bw,mlx5_0,RC,128,1,1,1,1,0,50000,0,1,256,50000,0.00,1746.71,7.154527
bw_tx_depth,bw,mlx5_0,RC,128,1,1,1,1,0,50000,0,1,512,50000,0.00,2593.92,5.312358
bw_tx_depth,bw,mlx5_0,RC,128,1,1,1,1,0,50000,0,1,1024,50000,0.00,6443.08,6.597714
bw_tx_depth,bw,mlx5_0,RC,128,1,1,1,1,0,50000,0,1,2048,50000,0.00,11439.99,5.857272
bw_tx_depth,bw,mlx5_0,RC,128,1,1,1,1,0,50000,0,1,4096,50000,0.00,11126.63,2.848417
bw_tx_depth,bw,mlx5_0,RC,128,1,1,1,1,0,50000,0,1,8192,50000,0.00,11038.19,1.412888
bw_tx_depth,bw,mlx5_0,RC,128,1,1,1,1,0,50000,0,1,16384,50000,0.00,11104.16,0.710667
bw_tx_depth,bw,mlx5_0,RC,128,1,1,1,1,0,50000,0,1,32768,50000,0.00,11059.22,0.353895
bw_tx_depth,bw,mlx5_0,RC,128,1,1,1,1,0,50000,0,1,65536,50000,0.00,11085.64,0.177370
bw_tx_depth,bw,mlx5_0,RC,128,1,1,1,1,0,50000,0,1,2,50000,0.00,13.76,7.212729
bw_tx_depth,bw,mlx5_0,RC,128,1,1,1,1,0,50000,0,1,4,50000,0.00,27.25,7.142765
bw_tx_depth,bw,mlx5_0,RC,128,1,1,1,1,0,50000,0,1,8,50000,0.00,54.95,7.203035
bw_tx_depth,bw,mlx5_0,RC,128,1,1,1,1,0,50000,0,1,16,50000,0.00,109.79,7.195400
bw_tx_depth,bw,mlx5_0,RC,128,1,1,1,1,0,50000,0,1,32,50000,0.00,218.72,7.167002
bw_tx_depth,bw,mlx5_0,RC,128,1,1,1,1,0,50000,0,1,64,50000,0.00,436.93,7.158676
bw_tx_depth,bw,mlx5_0,RC,128,1,1,1,1,0,50000,0,1,128,50000,0.00,871.10,7.136062
bw_tx_depth,bw,mlx5_0,RC,128,1,1,1,1,0,50000,0,1,256,50000,0.00,1738.10,7.119276
bw_tx_depth,bw,mlx5_0,RC,128,1,1,1,1,0,50000,0,1,512,50000,0.00,2812.14,5.759253
bw_tx_depth,bw,mlx5_0,RC,128,1,1,1,1,0,50000,0,1,1024,50000,0.00,6560.39,6.717838
bw_tx_depth,bw,mlx5_0,RC,128,1,1,1,1,0,50000,0,1,2048,50000,0.00,11406.22,5.839984
bw_tx_depth,bw,mlx5_0,RC,128,1,1,1,1,0,50000,0,1,4096,50000,0.00,11270.59,2.885272
bw_tx_depth,bw,mlx5_0,RC,128,1,1,1,1,0,50000,0,1,8192,50000,0.00,11056.87,1.415280
bw_tx_depth,bw,mlx5_0,RC,128,1,1,1,1,0,50000,0,1,16384,50000,0.00,11013.46,0.704861
bw_tx_depth,bw,mlx5_0,RC,128,1,1,1,1,0,50000,0,1,32768,50000,0.00,11200.23,0.358407
bw_tx_depth,bw,mlx5_0,RC,128,1,1,1,1,0,50000,0,1,65536,50000,0.00,11089.33,0.177429
bw_tx_depth,bw,mlx5_0,RC,128,1,1,1,1,0,50000,0,1,2,50000,0.00,13.48,7.066997
bw_tx_depth,bw,mlx5_0,RC,128,1,1,1,1,0,50000,0,1,4,50000,0.00,27.53,7.215528
bw_tx_depth,bw,mlx5_0,RC,128,1,1,1,1,0,50000,0,1,8,50000,0.00,55.03,7.213523
bw_tx_depth,bw,mlx5_0,RC,128,1,1,1,1,0,50000,0,1,16,50000,0.00,109.25,7.160036
bw_tx_depth,bw,mlx5_0,RC,128,1,1,1,1,0,50000,0,1,32,50000,0.00,220.18,7.214976
bw_tx_depth,bw,mlx5_0,RC,128,1,1,1,1,0,50000,0,1,64,50000,0.00,436.94,7.158862
bw_tx_depth,bw,mlx5_0,RC,128,1,1,1,1,0,50000,0,1,128,50000,0.00,870.91,7.134531
bw_tx_depth,bw,mlx5_0,RC,128,1,1,1,1,0,50000,0,1,256,50000,0.00,1749.00,7.163889
bw_tx_depth,bw,mlx5_0,RC,128,1,1,1,1,0,50000,0,1,512,50000,0.00,3442.92,7.051102
bw_tx_depth,bw,mlx5_0,RC,128,1,1,1,1,0,50000,0,1,1024,50000,0.00,6559.23,6.716649
bw_tx_depth,bw,mlx5_0,RC,128,1,1,1,1,0,50000,0,1,2048,50000,0.00,11318.28,5.794962
bw_tx_depth,bw,mlx5_0,RC,128,1,1,1,1,0,50000,0,1,4096,50000,0.00,11218.77,2.872005
bw_tx_depth,bw,mlx5_0,RC,128,1,1,1,1,0,50000,0,1,8192,50000,0.00,11014.80,1.409894
bw_tx_depth,bw,mlx5_0,RC,128,1,1,1,1,0,50000,0,1,16384,50000,0.00,10990.80,0.703411
bw_tx_depth,bw,mlx5_0,RC,128,1,1,1,1,0,50000,0,1,32768,50000,0.00,11078.43,0.354510
bw_tx_depth,bw,mlx5_0,RC,128,1,1,1,1,0,50000,0,1,65536,50000,0.00,11201.26,0.179220
bw_tx_depth,bw,mlx5_0,RC,256,1,1,1,1,0,50000,0,1,2,50000,0.00,13.50,7.078733
bw_tx_depth,bw,mlx5_0,RC,256,1,1,1,1,0,50000,0,1,4,50000,0.00,27.50,7.208195
bw_tx_depth,bw,mlx5_0,RC,256,1,1,1,1,0,50000,0,1,8,50000,0.00,52.44,6.873315
bw_tx_depth,bw,mlx5_0,RC,256,1,1,1,1,0,50000,0,1,16,50000,0.00,109.27,7.161147
bw_tx_depth,bw,mlx5_0,RC,256,1,1,1,1,0,50000,0,1,32,50000,0.00,220.03,7.209863
bw_tx_depth,bw,mlx5_0,RC,256,1,1,1,1,0,50000,0,1,64,50000,0.00,436.73,7.155442
bw_tx_depth,bw,mlx5_0,RC,256,1,1,1,1,0,50000,0,1,128,50000,0.00,868.57,7.115358
bw_tx_depth,bw,mlx5_0,RC,256,1,1,1,1,0,50000,0,1,256,50000,0.00,1738.19,7.119640
bw_tx_depth,bw,mlx5_0,RC,256,1,1,1,1,0,50000,0,1,512,50000,0.00,2759.09,5.650611
bw_tx_depth,bw,mlx5_0,RC,256,1,1,1,1,0,50000,0,1,1024,50000,0.00,6581.04,6.738983
bw_tx_depth,bw,mlx5_0,RC,256,1,1,1,1,0,50000,0,1,2048,50000,0.00,10657.83,5.456811
bw_tx_depth,bw,mlx5_0,RC,256,1,1,1,1,0,50000,0,1,4096,50000,0.00,10930.80,2.798286
bw_tx_depth,bw,mlx5_0,RC,256,1,1,1,1,0,50000,0,1,8192,50000,0.00,10989.40,1.406643
bw_tx_depth,bw,mlx5_0,RC,256,1,1,1,1,0,50000,0,1,16384,50000,0.00,11032.89,0.706105
bw_tx_depth,bw,mlx5_0,RC,256,1,1,1,1,0,50000,0,1,32768,50000,0.00,11117.71,0.355767
bw_tx_depth,bw,mlx5_0,RC,256,1,1,1,1,0,50000,0,1,65536,50000,0.00,11152.38,0.178438
bw_tx_depth,bw,mlx5_0,RC,256,1,1,1,1,0,50000,0,1,2,50000,0.00,13.67,7.168580
bw_tx_depth,bw,mlx5_0,RC,256,1,1,1,1,0,50000,0,1,4,50000,0.00,27.17,7.123305
bw_tx_depth,bw,mlx5_0,RC,256,1,1,1,1,0,50000,0,1,8,50000,0.00,54.96,7.203171
bw_tx_depth,bw,mlx5_0,RC,256,1,1,1,1,0,50000,0,1,16,50000,0.00,109.61,7.183450
bw_tx_depth,bw,mlx5_0,RC,256,1,1,1,1,0,50000,0,1,32,50000,0.00,210.47,6.896765
bw_tx_depth,bw,mlx5_0,RC,256,1,1,1,1,0,50000,0,1,64,50000,0.00,437.52,7.168369
bw_tx_depth,bw,mlx5_0,RC,256,1,1,1,1,0,50000,0,1,128,50000,0.00,876.36,7.179114
bw_tx_depth,bw,mlx5_0,RC,256,1,1,1,1,0,50000,0,1,256,50000,0.00,1722.83,7.056711
bw_tx_depth,bw,mlx5_0,RC,256,1,1,1,1,0,50000,0,1,512,50000,0.00,3415.23,6.994387
bw_tx_depth,bw,mlx5_0,RC,256,1,1,1,1,0,50000,0,1,1024,50000,0.00,6528.13,6.684807
bw_tx_depth,bw,mlx5_0,RC,256,1,1,1,1,0,50000,0,1,2048,50000,0.00,10606.40,5.430478
bw_tx_depth,bw,mlx5_0,RC,256,1,1,1,1,0,50000,0,1,4096,50000,0.00,11113.44,2.845042
bw_tx_depth,bw,mlx5_0,RC,256,1,1,1,1,0,50000,0,1,8192,50000,0.00,11004.55,1.408582
bw_tx_depth,bw,mlx5_0,RC,256,1,1,1,1,0,50000,0,1,16384,50000,0.00,11046.85,0.706998
bw_tx_depth,bw,mlx5_0,RC,256,1,1,1,1,0,50000,0,1,32768,50000,0.00,11093.23,0.354983
bw_tx_depth,bw,mlx5_0,RC,256,1,1,1,1,0,50000,0,1,65536,50000,0.00,11093.54,0.177497
bw_tx_depth,bw,mlx5_0,RC,256,1,1,1,1,0,50000,0,1,2,50000,0.00,13.70,7.183673
bw_tx_depth,bw,mlx5_0,RC,256,1,1,1,1,0,50000,0,1,4,50000,0.00,27.28,7.152586
bw_tx_depth,bw,mlx5_0,RC,256,1,1,1,1,0,50000,0,1,8,50000,0.00,54.31,7.118436
bw_tx_depth,bw,mlx5_0,RC,256,1,1,1,1,0,50000,0,1,16,50000,0.00,110.00,7.209144
bw_tx_depth,bw,mlx5_0,RC,256,1,1,1,1,0,50000,0,1,32,50000,0.00,218.01,7.143874
bw_tx_depth,bw,mlx5_0,RC,256,1,1,1,1,0,50000,0,1,64,50000,0.00,434.38,7.116891
bw_tx_depth,bw,mlx5_0,RC,256,1,1,1,1,0,50000,0,1,128,50000,0.00,851.85,6.978321
bw_tx_depth,bw,mlx5_0,RC,256,1,1,1,1,0,50000,0,1,256,50000,0.00,1735.84,7.110011
bw_tx_depth,bw,mlx5_0,RC,256,1,1,1,1,0,50000,0,1,512,50000,0.00,2597.60,5.319875
bw_tx_depth,bw,mlx5_0,RC,256,1,1,1,1,0,50000,0,1,1024,50000,0.00,6588.01,6.746124
bw_tx_depth,bw,mlx5_0,RC,256,1,1,1,1,0,50000,0,1,2048,50000,0.00,10641.63,5.448516
bw_tx_depth,bw,mlx5_0,RC,256,1,1,1,1,0,50000,0,1,4096,50000,0.00,11145.15,2.853158
bw_tx_depth,bw,mlx5_0,RC,256,1,1,1,1,0,50000,0,1,8192,50000,0.00,11069.28,1.416868
bw_tx_depth,bw,mlx5_0,RC,256,1,1,1,1,0,50000,0,1,16384,50000,0.00,11111.67,0.711147
bw_tx_depth,bw,mlx5_0,RC,256,1,1,1,1,0,50000,0,1,32768,50000,0.00,11151.82,0.356858
bw_tx_depth,bw,mlx5_0,RC,256,1,1,1,1,0,50000,0,1,65536,50000,0.00,11156.37,0.178502
bw_tx_depth,bw,mlx5_0,RC,512,1,1,1,1,0,50000,0,1,2,50000,0.00,13.14,6.888430
bw_tx_depth,bw,mlx5_0,RC,512,1,1,1,1,0,50000,0,1,4,50000,0.00,27.24,7.140267
bw_tx_depth,bw,mlx5_0,RC,512,1,1,1,1,0,50000,0,1,8,50000,0.00,54.79,7.180896
bw_tx_depth,bw,mlx5_0,RC,512,1,1,1,1,0,50000,0,1,16,50000,0.00,108.95,7.139979
bw_tx_depth,bw,mlx5_0,RC,512,1,1,1,1,0,50000,0,1,32,50000,0.00,218.15,7.148285
bw_tx_depth,bw,mlx5_0,RC,512,1,1,1,1,0,50000,0,1,64,50000,0.00,440.05,7.209753
bw_tx_depth,bw,mlx5_0,RC,512,1,1,1,1,0,50000,0,1,128,50000,0.00,876.31,7.178733
bw_tx_depth,bw,mlx5_0,RC,512,1,1,1,1,0,50000,0,1,256,50000,0.00,1734.10,7.102873
bw_tx_depth,bw,mlx5_0,RC,512,1,1,1,1,0,50000,0,1,512,50000,0.00,3343.42,6.847327
bw_tx_depth,bw,mlx5_0,RC,512,1,1,1,1,0,50000,0,1,1024,50000,0.00,6485.90,6.641557
bw_tx_depth,bw,mlx5_0,RC,512,1,1,1,1,0,50000,0,1,2048,50000,0.00,10600.44,5.427427
bw_tx_depth,bw,mlx5_0,RC,512,1,1,1,1,0,50000,0,1,4096,50000,0.00,10871.56,2.783120
bw_tx_depth,bw,mlx5_0,RC,512,1,1,1,1,0,50000,0,1,8192,50000,0.00,11047.37,1.414064
bw_tx_depth,bw,mlx5_0,RC,512,1,1,1,1,0,50000,0,1,16384,50000,0.00,11049.54,0.707171
bw_tx_depth,bw,mlx5_0,RC,512,1,1,1,1,0,50000,0,1,32768,50000,0.00,11102.53,0.355281
bw_tx_depth,bw,mlx5_0,RC,512,1,1,1,1,0,50000,0,1,65536,50000,0.00,11098.17,0.177571
bw_tx_depth,bw,mlx5_0,RC,512,1,1,1,1,0,50000,0,1,2,50000,0.00,13.72,7.192449
bw_tx_depth,bw,mlx5_0,RC,512,1,1,1,1,0,50000,0,1,4,50000,0.00,27.47,7.200186
bw_tx_depth,bw,mlx5_0,RC,512,1,1,1,1,0,50000,0,1,8,50000,0.00,54.59,7.155632
bw_tx_depth,bw,mlx5_0,RC,512,1,1,1,1,0,50000,0,1,16,50000,0.00,109.91,7.202953
bw_tx_depth,bw,mlx5_0,RC,512,1,1,1,1,0,50000,0,1,32,50000,0.00,219.90,7.205648
bw_tx_depth,bw,mlx5_0,RC,512,1,1,1,1,0,50000,0,1,64,50000,0.00,433.93,7.109569
bw_tx_depth,bw,mlx5_0,RC,512,1,1,1,1,0,50000,0,1,128,50000,0.00,869.87,7.125986
bw_tx_depth,bw,mlx5_0,RC,512,1,1,1,1,0,50000,0,1,256,50000,0.00,1741.54,7.133357
bw_tx_depth,bw,mlx5_0,RC,512,1,1,1,1,0,50000,0,1,512,50000,0.00,2751.58,5.635236
bw_tx_depth,bw,mlx5_0,RC,512,1,1,1,1,0,50000,0,1,1024,50000,0.00,6486.37,6.642046
bw_tx_depth,bw,mlx5_0,RC,512,1,1,1,1,0,50000,0,1,2048,50000,0.00,10749.66,5.503828
bw_tx_depth,bw,mlx5_0,RC,512,1,1,1,1,0,50000,0,1,4096,50000,0.00,11119.42,2.846572
bw_tx_depth,bw,mlx5_0,RC,512,1,1,1,1,0,50000,0,1,8192,50000,0.00,11057.31,1.415336
bw_tx_depth,bw,mlx5_0,RC,512,1,1,1,1,0,50000,0,1,16384,50000,0.00,11032.59,0.706085
bw_tx_depth,bw,mlx5_0,RC,512,1,1,1,1,0,50000,0,1,32768,50000,0.00,11083.22,0.354663
bw_tx_depth,bw,mlx5_0,RC,512,1,1,1,1,0,50000,0,1,65536,50000,0.00,11111.27,0.177780
bw_tx_depth,bw,mlx5_0,RC,512,1,1,1,1,0,50000,0,1,2,50000,0.00,13.29,6.969127
bw_tx_depth,bw,mlx5_0,RC,512,1,1,1,1,0,50000,0,1,4,50000,0.00,27.29,7.153343
bw_tx_depth,bw,mlx5_0,RC,512,1,1,1,1,0,50000,0,1,8,50000,0.00,54.96,7.203999
bw_tx_depth,bw,mlx5_0,RC,512,1,1,1,1,0,50000,0,1,16,50000,0.00,108.67,7.121845
bw_tx_depth,bw,mlx5_0,RC,512,1,1,1,1,0,50000,0,1,32,50000,0.00,218.26,7.151936
bw_tx_depth,bw,mlx5_0,RC,512,1,1,1,1,0,50000,0,1,64,50000,0.00,439.59,7.202167
bw_tx_depth,bw,mlx5_0,RC,512,1,1,1,1,0,50000,0,1,128,50000,0.00,876.89,7.183462
bw_tx_depth,bw,mlx5_0,RC,512,1,1,1,1,0,50000,0,1,256,50000,0.00,1735.68,7.109359
bw_tx_depth,bw,mlx5_0,RC,512,1,1,1,1,0,50000,0,1,512,50000,0.00,2657.36,5.442282
bw_tx_depth,bw,mlx5_0,RC,512,1,1,1,1,0,50000,0,1,1024,50000,0.00,6132.60,6.279779
bw_tx_depth,bw,mlx5_0,RC,512,1,1,1,1,0,50000,0,1,2048,50000,0.00,10745.08,5.501483
bw_tx_depth,bw,mlx5_0,RC,512,1,1,1,1,0,50000,0,1,4096,50000,0.00,11177.83,2.861525
bw_tx_depth,bw,mlx5_0,RC,512,1,1,1,1,0,50000,0,1,8192,50000,0.00,11018.79,1.410405
bw_tx_depth,bw,mlx5_0,RC,512,1,1,1,1,0,50000,0,1,16384,50000,0.00,11023.99,0.705536
bw_tx_depth,bw,mlx5_0,RC,512,1,1,1,1,0,50000,0,1,32768,50000,0.00,11092.43,0.354958
bw_tx_depth,bw,mlx5_0,RC,512,1,1,1,1,0,50000,0,1,65536,50000,0.00,11151.66,0.178427
bw_tx_depth,bw,mlx5_0,RC,1024,1,1,1,1,0,50000,0,1,2,50000,0.00,13.34,6.992325
bw_tx_depth,bw,mlx5_0,RC,1024,1,1,1,1,0,50000,0,1,4,50000,0.00,26.27,6.886062
bw_tx_depth,bw,mlx5_0,RC,1024,1,1,1,1,0,50000,0,1,8,50000,0.00,54.38,7.127220
bw_tx_depth,bw,mlx5_0,RC,1024,1,1,1,1,0,50000,0,1,16,50000,0.00,109.43,7.171414
bw_tx_depth,bw,mlx5_0,RC,1024,1,1,1,1,0,50000,0,1,32,50000,0.00,219.16,7.181480
bw_tx_depth,bw,mlx5_0,RC,1024,1,1,1,1,0,50000,0,1,64,50000,0.00,435.08,7.128369
bw_tx_depth,bw,mlx5_0,RC,1024,1,1,1,1,0,50000,0,1,128,50000,0.00,872.37,7.146476
bw_tx_depth,bw,mlx5_0,RC,1024,1,1,1,1,0,50000,0,1,256,50000,0.00,1743.10,7.139740
bw_tx_depth,bw,mlx5_0,RC,1024,1,1,1,1,0,50000,0,1,512,50000,0.00,2869.05,5.875809
bw_tx_depth,bw,mlx5_0,RC,1024,1,1,1,1,0,50000,0,1,1024,50000,0.00,6491.30,6.647093
bw_tx_depth,bw,mlx5_0,RC,1024,1,1,1,1,0,50000,0,1,2048,50000,0.00,10722.14,5.489737
bw_tx_depth,bw,mlx5_0,RC,1024,1,1,1,1,0,50000,0,1,4096,50000,0.00,11006.44,2.817650
bw_tx_depth,bw,mlx5_0,RC,1024,1,1,1,1,0,50000,0,1,8192,50000,0.00,11059.92,1.415669
bw_tx_depth,bw,mlx5_0,RC,1024,1,1,1,1,0,50000,0,1,16384,50000,0.00,11043.39,0.706777
bw_tx_depth,bw,mlx5_0,RC,1024,1,1,1,1,0,50000,0,1,32768,50000,0.00,11100.37,0.355212
bw_tx_depth,bw,mlx5_0,RC,1024,1,1,1,1,0,50000,0,1,65536,50000,0.00,11102.12,0.177634
bw_tx_depth,bw,mlx5_0,RC,1024,1,1,1,1,0,50000,0,1,2,50000,0.00,12.94,6.783005
bw_tx_depth,bw,mlx5_0,RC,1024,1,1,1,1,0,50000,0,1,4,50000,0.00,27.41,7.186233
bw_tx_depth,bw,mlx5_0,RC,1024,1,1,1,1,0,50000,0,1,8,50000,0.00,54.70,7.169399
bw_tx_depth,bw,mlx5_0,RC,1024,1,1,1,1,0,50000,0,1,16,50000,0.00,107.61,7.052642
bw_tx_depth,bw,mlx5_0,RC,1024,1,1,1,1,0,50000,0,1,32,50000,0.00,219.16,7.181417
bw_tx_depth,bw,mlx5_0,RC,1024,1,1,1,1,0,50000,0,1,64,50000,0.00,438.09,7.177747
bw_tx_depth,bw,mlx5_0,RC,1024,1,1,1,1,0,50000,0,1,128,50000,0.00,865.71,7.091882
bw_tx_depth,bw,mlx5_0,RC,1024,1,1,1,1,0,50000,0,1,256,50000,0.00,1741.49,7.133153
bw_tx_depth,bw,mlx5_0,RC,1024,1,1,1,1,0,50000,0,1,512,50000,0.00,3430.37,7.025403
bw_tx_depth,bw,mlx5_0,RC,1024,1,1,1,1,0,50000,0,1,1024,50000,0.00,6267.89,6.418315
bw_tx_depth,bw,mlx5_0,RC,1024,1,1,1,1,0,50000,0,1,2048,50000,0.00,10638.85,5.447094
bw_tx_depth,bw,mlx5_0,RC,1024,1,1,1,1,0,50000,0,1,4096,50000,0.00,10945.93,2.802157
bw_tx_depth,bw,mlx5_0,RC,1024,1,1,1,1,0,50000,0,1,8192,50000,0.00,10983.77,1.405923
bw_tx_depth,bw,mlx5_0,RC,1024,1,1,1,1,0,50000,0,1,16384,50000,0.00,11001.75,0.704112
bw_tx_depth,bw,mlx5_0,RC,1024,1,1,1,1,0,50000,0,1,32768,50000,0.00,11179.83,0.357754
bw_tx_depth,bw,mlx5_0,RC,1024,1,1,1,1,0,50000,0,1,65536,50000,0.00,11162.40,0.178598
bw_tx_depth,bw,mlx5_0,RC,1024,1,1,1,1,0,50000,0,1,2,50000,0.00,13.16,6.899285
bw_tx_depth,bw,mlx5_0,RC,1024,1,1,1,1,0,50000,0,1,4,50000,0.00,27.32,7.160464
bw_tx_depth,bw,mlx5_0,RC,1024,1,1,1,1,0,50000,0,1,8,50000,0.00,54.50,7.143097
bw_tx_depth,bw,mlx5_0,RC,1024,1,1,1,1,0,50000,0,1,16,50000,0.00,108.51,7.111497
bw_tx_depth,bw,mlx5_0,RC,1024,1,1,1,1,0,50000,0,1,32,50000,0.00,219.66,7.197918
bw_tx_depth,bw,mlx5_0,RC,1024,1,1,1,1,0,50000,0,1,64,50000,0.00,421.50,6.905885
bw_tx_depth,bw,mlx5_0,RC,1024,1,1,1,1,0,50000,0,1,128,50000,0.00,866.84,7.101192
bw_tx_depth,bw,mlx5_0,RC,1024,1,1,1,1,0,50000,0,1,256,50000,0.00,1728.47,7.079814
bw_tx_depth,bw,mlx5_0,RC,1024,1,1,1,1,0,50000,0,1,512,50000,0.00,2712.42,5.555036
bw_tx_depth,bw,mlx5_0,RC,1024,1,1,1,1,0,50000,0,1,1024,50000,0.00,6459.19,6.614215
bw_tx_depth,bw,mlx5_0,RC,1024,1,1,1,1,0,50000,0,1,2048,50000,0.00,10768.99,5.513724
bw_tx_depth,bw,mlx5_0,RC,1024,1,1,1,1,0,50000,0,1,4096,50000,0.00,10930.69,2.798258
bw_tx_depth,bw,mlx5_0,RC,1024,1,1,1,1,0,50000,0,1,8192,50000,0.00,11091.57,1.419721
bw_tx_depth,bw,mlx5_0,RC,1024,1,1,1,1,0,50000,0,1,16384,50000,0.00,11051.07,0.707269
bw_tx_depth,bw,mlx5_0,RC,1024,1,1,1,1,0,50000,0,1,32768,50000,0.00,11114.03,0.355649
bw_tx_depth,bw,mlx5_0,RC,1024,1,1,1,1,0,50000,0,1,65536,50000,0.00,11097.79,0.177565
bw_cq_mod,bw,mlx5_0,RC,1024,1,1,1,1,0,50000,0,1,2,50000,0.00,13.51,7.083557
bw_cq_mod,bw,mlx5_0,RC,1024,1,1,1,1,0,50000,0,1,4,50000,0.00,27.42,7.188133
bw_cq_mod,bw,mlx5_0,RC,1024,1,1,1,1,0,50000,0,1,8,50000,0.00,54.45,7.136697
bw_cq_mod,bw,mlx5_0,RC,1024,1,1,1,1,0,50000,0,1,16,50000,0.00,109.25,7.159800
bw_cq_mod,bw,mlx5_0,RC,1024,1,1,1,1,0,50000,0,1,32,50000,0.00,218.07,7.145849
bw_cq_mod,bw,mlx5_0,RC,1024,1,1,1,1,0,50000,0,1,64,50000,0.00,434.32,7.115885
bw_cq_mod,bw,mlx5_0,RC,1024,1,1,1,1,0,50000,0,1,128,50000,0.00,872.61,7.148427
bw_cq_mod,bw,mlx5_0,RC,1024,1,1,1,1,0,50000,0,1,256,50000,0.00,1672.00,6.848512
bw_cq_mod,bw,mlx5_0,RC,1024,1,1,1,1,0,50000,0,1,512,50000,0.00,2917.12,5.974259
bw_cq_mod,bw,mlx5_0,RC,1024,1,1,1,1,0,50000,0,1,1024,50000,0.00,6352.73,6.505200
bw_cq_mod,bw,mlx5_0,RC,1024,1,1,1,1,0,50000,0,1,2048,50000,0.00,10752.24,5.505148
bw_cq_mod,bw,mlx5_0,RC,1024,1,1,1,1,0,50000,0,1,4096,50000,0.00,10912.74,2.793661
bw_cq_mod,bw,mlx5_0,RC,1024,1,1,1,1,0,50000,0,1,8192,50000,0.00,10987.77,1.406434
bw_cq_mod,bw,mlx5_0,RC,1024,1,1,1,1,0,50000,0,1,16384,50000,0.00,11007.07,0.704452
bw_cq_mod,bw,mlx5_0,RC,1024,1,1,1,1,0,50000,0,1,32768,50000,0.00,11063.92,0.354045
bw_cq_mod,bw,mlx5_0,RC,1024,1,1,1,1,0,50000,0,1,65536,50000,0.00,11113.80,0.177821
bw_cq_mod,bw,mlx5_0,RC,1024,1,1,1,1,0,50000,0,1,2,50000,0.00,13.66,7.161011
bw_cq_mod,bw,mlx5_0,RC,1024,1,1,1,1,0,50000,0,1,4,50000,0.00,27.47,7.201184
bw_cq_mod,bw,mlx5_0,RC,1024,1,1,1,1,0,50000,0,1,8,50000,0.00,54.56,7.151389
bw_cq_mod,bw,mlx5_0,RC,1024,1,1,1,1,0,50000,0,1,16,50000,0.00,109.26,7.160180
bw_cq_mod,bw,mlx5_0,RC,1024,1,1,1,1,0,50000,0,1,32,50000,0.00,219.82,7.203096
bw_cq_mod,bw,mlx5_0,RC,1024,1,1,1,1,0,50000,0,1,64,50000,0.00,430.11,7.046877
bw_cq_mod,bw,mlx5_0,RC,1024,1,1,1,1,0,50000,0,1,128,50000,0.00,869.56,7.123457
bw_cq_mod,bw,mlx5_0,RC,1024,1,1,1,1,0,50000,0,1,256,50000,0.00,1714.03,7.020681
bw_cq_mod,bw,mlx5_0,RC,1024,1,1,1,1,0,50000,0,1,512,50000,0.00,2747.95,5.627807
bw_cq_mod,bw,mlx5_0,RC,1024,1,1,1,1,0,50000,0,1,1024,50000,0.00,6405.65,6.559390
bw_cq_mod,bw,mlx5_0,RC,1024,1,1,1,1,0,50000,0,1,2048,50000,0.00,10686.53,5.471503
bw_cq_mod,bw,mlx5_0,RC,1024,1,1,1,1,0,50000,0,1,4096,50000,0.00,11088.05,2.838541
bw_cq_mod,bw,mlx5_0,RC,1024,1,1,1,1,0,50000,0,1,8192,50000,0.00,10970.64,1.404242
bw_cq_mod,bw,mlx5_0,RC,1024,1,1,1,1,0,50000,0,1,16384,50000,0.00,11035.85,0.706295
bw_cq_mod,bw,mlx5_0,RC,1024,1,1,1,1,0,50000,0,1,32768,50000,0.00,11118.21,0.355783
bw_cq_mod,bw,mlx5_0,RC,1024,1,1,1,1,0,50000,0,1,65536,50000,0.00,11176.05,0.178817
bw_cq_mod,bw,mlx5_0,RC,1024,1,1,1,1,0,50000,0,1,2,50000,0.00,13.27,6.958043
bw_cq_mod,bw,mlx5_0,RC,1024,1,1,1,1,0,50000,0,1,4,50000,0.00,27.47,7.200833
bw_cq_mod,bw,mlx5_0,RC,1024,1,1,1,1,0,50000,0,1,8,50000,0.00,54.54,7.149015
bw_cq_mod,bw,mlx5_0,RC,1024,1,1,1,1,0,50000,0,1,16,50000,0.00,109.11,7.150449
bw_cq_mod,bw,mlx5_0,RC,1024,1,1,1,1,0,50000,0,1,32,50000,0.00,219.77,7.201430
bw_cq_mod,bw,mlx5_0,RC,1024,1,1,1,1,0,50000,0,1,64,50000,0.00,439.59,7.202212
bw_cq_mod,bw,mlx5_0,RC,1024,1,1,1,1,0,50000,0,1,128,50000,0.00,870.04,7.127363
bw_cq_mod,bw,mlx5_0,RC,1024,1,1,1,1,0,50000,0,1,256,50000,0.00,1716.16,7.029408
bw_cq_mod,bw,mlx5_0,RC,1024,1,1,1,1,0,50000,0,1,512,50000,0.00,3349.09,6.858929
bw_cq_mod,bw,mlx5_0,RC,1024,1,1,1,1,0,50000,0,1,1024,50000,0.00,6443.94,6.598593
bw_cq_mod,bw,mlx5_0,RC,1024,1,1,1,1,0,50000,0,1,2048,50000,0.00,10699.01,5.477892
bw_cq_mod,bw,mlx5_0,RC,1024,1,1,1,1,0,50000,0,1,4096,50000,0.00,10946.55,2.802318
bw_cq_mod,bw,mlx5_0,RC,1024,1,1,1,1,0,50000,0,1,8192,50000,0.00,11036.55,1.412678
bw_cq_mod,bw,mlx5_0,RC,1024,1,1,1,1,0,50000,0,1,16384,50000,0.00,10983.03,0.702914
bw_cq_mod,bw,mlx5_0,RC,1024,1,1,1,1,0,50000,0,1,32768,50000,0.00,11119.93,0.355838
bw_cq_mod,bw,mlx5_0,RC,1024,1,1,1,1,0,50000,0,1,65536,50000,0.00,11098.58,0.177577
bw_cq_mod,bw,mlx5_0,RC,1024,1,2,1,1,0,50000,0,1,2,50000,0.00,14.49,7.599391
bw_cq_mod,bw,mlx5_0,RC,1024,1,2,1,1,0,50000,0,1,4,50000,0.00,29.06,7.618936
bw_cq_mod,bw,mlx5_0,RC,1024,1,2,1,1,0,50000,0,1,8,50000,0.00,57.74,7.567683
bw_cq_mod,bw,mlx5_0,RC,1024,1,2,1,1,0,50000,0,1,16,50000,0.00,117.01,7.668089
bw_cq_mod,bw,mlx5_0,RC,1024,1,2,1,1,0,50000,0,1,32,50000,0.00,233.90,7.664572
bw_cq_mod,bw,mlx5_0,RC,1024,1,2,1,1,0,50000,0,1,64,50000,0.00,464.30,7.607015
bw_cq_mod,bw,mlx5_0,RC,1024,1,2,1,1,0,50000,0,1,128,50000,0.00,928.06,7.602642
bw_cq_mod,bw,mlx5_0,RC,1024,1,2,1,1,0,50000,0,1,256,50000,0.00,1858.89,7.614003
bw_cq_mod,bw,mlx5_0,RC,1024,1,2,1,1,0,50000,0,1,512,50000,0.00,3675.76,7.527962
bw_cq_mod,bw,mlx5_0,RC,1024,1,2,1,1,0,50000,0,1,1024,50000,0.00,6800.02,6.963225
bw_cq_mod,bw,mlx5_0,RC,1024,1,2,1,1,0,50000,0,1,2048,50000,0.00,10763.35,5.510835
bw_cq_mod,bw,mlx5_0,RC,1024,1,2,1,1,0,50000,0,1,4096,50000,0.00,10951.23,2.803514
bw_cq_mod,bw,mlx5_0,RC,1024,1,2,1,1,0,50000,0,1,8192,50000,0.00,10997.09,1.407627
bw_cq_mod,bw,mlx5_0,RC,1024,1,2,1,1,0,50000,0,1,16384,50000,0.00,11021.18,0.705356
bw_cq_mod,bw,mlx5_0,RC,1024,1,2,1,1,0,50000,0,1,32768,50000,0.00,11097.21,0.355111
bw_cq_mod,bw,mlx5_0,RC,1024,1,2,1,1,0,50000,0,1,65536,50000,0.00,11022.66,0.176363
bw_cq_mod,bw,mlx5_0,RC,1024,1,2,1,1,0,50000,0,1,2,50000,0.00,14.36,7.529892
bw_cq_mod,bw,mlx5_0,RC,1024,1,2,1,1,0,50000,0,1,4,50000,0.00,29.15,7.642061
bw_cq_mod,bw,mlx5_0,RC,1024,1,2,1,1,0,50000,0,1,8,50000,0.00,58.28,7.639257
bw_cq_mod,bw,mlx5_0,RC,1024,1,2,1,1,0,50000,0,1,16,50000,0.00,116.11,7.609471
bw_cq_mod,bw,mlx5_0,RC,1024,1,2,1,1,0,50000,0,1,32,50000,0.00,232.66,7.623657
bw_cq_mod,bw,mlx5_0,RC,1024,1,2,1,1,0,50000,0,1,64,50000,0.00,466.23,7.638649
bw_cq_mod,bw,mlx5_0,RC,1024,1,2,1,1,0,50000,0,1,128,50000,0.00,926.29,7.588185
bw_cq_mod,bw,mlx5_0,RC,1024,1,2,1,1,0,50000,0,1,256,50000,0.00,1837.06,7.524591
bw_cq_mod,bw,mlx5_0,RC,1024,1,2,1,1,0,50000,0,1,512,50000,0.00,3609.34,7.391929
bw_cq_mod,bw,mlx5_0,RC,1024,1,2,1,1,0,50000,0,1,1024,50000,0.00,6800.89,6.964115
bw_cq_mod,bw,mlx5_0,RC,1024,1,2,1,1,0,50000,0,1,2048,50000,0.00,10708.41,5.482704
bw_cq_mod,bw,mlx5_0,RC,1024,1,2,1,1,0,50000,0,1,4096,50000,0.00,10986.36,2.812509
bw_cq_mod,bw,mlx5_0,RC,1024,1,2,1,1,0,50000,0,1,8192,50000,0.00,10998.60,1.407821
bw_cq_mod,bw,mlx5_0,RC,1024,1,2,1,1,0,50000,0,1,16384,50000,0.00,11112.61,0.711207
bw_cq_mod,bw,mlx5_0,RC,1024,1,2,1,1,0,50000,0,1,32768,50000,0.00,11120.19,0.355846
bw_cq_mod,bw,mlx5_0,RC,1024,1,2,1,1,0,50000,0,1,65536,50000,0.00,11202.44,0.179239
bw_cq_mod,bw,mlx5_0,RC,1024,1,2,1,1,0,50000,0,1,2,50000,0.00,14.55,7.630198
bw_cq_mod,bw,mlx5_0,RC,1024,1,2,1,1,0,50000,0,1,4,50000,0.00,29.23,7.663355
bw_cq_mod,bw,mlx5_0,RC,1024,1,2,1,1,0,50000,0,1,8,50000,0.00,58.05,7.608547
bw_cq_mod,bw,mlx5_0,RC,1024,1,2,1,1,0,50000,0,1,16,50000,0.00,116.96,7.664927
bw_cq_mod,bw,mlx5_0,RC,1024,1,2,1,1,0,50000,0,1,32,50000,0.00,226.21,7.412295
bw_cq_mod,bw,mlx5_0,RC,1024,1,2,1,1,0,50000,0,1,64,50000,0.00,464.34,7.607676
bw_cq_mod,bw,mlx5_0,RC,1024,1,2,1,1,0,50000,0,1,128,50000,0.00,928.99,7.610305
bw_cq_mod,bw,mlx5_0,RC,1024,1,2,1,1,0,50000,0,1,256,50000,0.00,1859.25,7.615505
bw_cq_mod,bw,mlx5_0,RC,1024,1,2,1,1,0,50000,0,1,512,50000,0.00,3561.67,7.294295
bw_cq_mod,bw,mlx5_0,RC,1024,1,2,1,1,0,50000,0,1,1024,50000,0.00,6876.32,7.041356
bw_cq_mod,bw,mlx5_0,RC,1024,1,2,1,1,0,50000,0,1,2048,50000,0.00,10746.91,5.502417
bw_cq_mod,bw,mlx5_0,RC,1024,1,2,1,1,0,50000,0,1,4096,50000,0.00,10915.36,2.794331
bw_cq_mod,bw,mlx5_0,RC,1024,1,2,1,1,0,50000,0,1,8192,50000,0.00,10929.39,1.398962
bw_cq_mod,bw,mlx5_0,RC,1024,1,2,1,1,0,50000,0,1,16384,50000,0.00,11089.36,0.709719
bw_cq_mod,bw,mlx5_0,RC,1024,1,2,1,1,0,50000,0,1,32768,50000,0.00,11122.32,0.355914
bw_cq_mod,bw,mlx5_0,RC,1024,1,2,1,1,0,50000,0,1,65536,50000,0.00,11097.60,0.177562
bw_cq_mod,bw,mlx5_0,RC,1024,1,4,1,1,0,50000,0,1,2,50000,0.00,14.52,7.613879
bw_cq_mod,bw,mlx5_0,RC,1024,1,4,1,1,0,50000,0,1,4,50000,0.00,29.99,7.862775
bw_cq_mod,bw,mlx5_0,RC,1024,1,4,1,1,0,50000,0,1,8,50000,0.00,59.95,7.857559
bw_cq_mod,bw,mlx5_0,RC,1024,1,4,1,1,0,50000,0,1,16,50000,0.00,120.94,7.926137
bw_cq_mod,bw,mlx5_0,RC,1024,1,4,1,1,0,50000,0,1,32,50000,0.00,241.62,7.917472
bw_cq_mod,bw,mlx5_0,RC,1024,1,4,1,1,0,50000,0,1,64,50000,0.00,480.15,7.866801
bw_cq_mod,bw,mlx5_0,RC,1024,1,4,1,1,0,50000,0,1,128,50000,0.00,956.85,7.838513
bw_cq_mod,bw,mlx5_0,RC,1024,1,4,1,1,0,50000,0,1,256,50000,0.00,1921.12,7.868909
bw_cq_mod,bw,mlx5_0,RC,1024,1,4,1,1,0,50000,0,1,512,50000,0.00,3709.20,7.596441
bw_cq_mod,bw,mlx5_0,RC,1024,1,4,1,1,0,50000,0,1,1024,50000,0.00,6957.68,7.124660
bw_cq_mod,bw,mlx5_0,RC,1024,1,4,1,1,0,50000,0,1,2048,50000,0.00,10797.28,5.528209
bw_cq_mod,bw,mlx5_0,RC,1024,1,4,1,1,0,50000,0,1,4096,50000,0.00,10899.16,2.790186
bw_cq_mod,bw,mlx5_0,RC,1024,1,4,1,1,0,50000,0,1,8192,50000,0.00,11002.49,1.408319
bw_cq_mod,bw,mlx5_0,RC,1024,1,4,1,1,0,50000,0,1,16384,50000,0.00,11097.32,0.710228
bw_cq_mod,bw,mlx5_0,RC,1024,1,4,1,1,0,50000,0,1,32768,50000,0.00,11138.32,0.356426
bw_cq_mod,bw,mlx5_0,RC,1024,1,4,1,1,0,50000,0,1,65536,50000,0.00,11033.83,0.176541
bw_cq_mod,bw,mlx5_0,RC,1024,1,4,1,1,0,50000,0,1,2,50000,0.00,14.74,7.725718
bw_cq_mod,bw,mlx5_0,RC,1024,1,4,1,1,0,50000,0,1,4,50000,0.00,29.70,7.784969
bw_cq_mod,bw,mlx5_0,RC,1024,1,4,1,1,0,50000,0,1,8,50000,0.00,60.32,7.906008
bw_cq_mod,bw,mlx5_0,RC,1024,1,4,1,1,0,50000,0,1,16,50000,0.00,120.59,7.903030
bw_cq_mod,bw,mlx5_0,RC,1024,1,4,1,1,0,50000,0,1,32,50000,0.00,239.54,7.849166
bw_cq_mod,bw,mlx5_0,RC,1024,1,4,1,1,0,50000,0,1,64,50000,0.00,477.48,7.823010
bw_cq_mod,bw,mlx5_0,RC,1024,1,4,1,1,0,50000,0,1,128,50000,0.00,964.11,7.897972
bw_cq_mod,bw,mlx5_0,RC,1024,1,4,1,1,0,50000,0,1,256,50000,0.00,1903.70,7.797565
bw_cq_mod,bw,mlx5_0,RC,1024,1,4,1,1,0,50000,0,1,512,50000,0.00,3747.10,7.674067
bw_cq_mod,bw,mlx5_0,RC,1024,1,4,1,1,0,50000,0,1,1024,50000,0.00,7069.18,7.238836
bw_cq_mod,bw,mlx5_0,RC,1024,1,4,1,1,0,50000,0,1,2048,50000,0.00,10793.42,5.526230
bw_cq_mod,bw,mlx5_0,RC,1024,1,4,1,1,0,50000,0,1,4096,50000,0.00,11204.31,2.868304
bw_cq_mod,bw,mlx5_0,RC,1024,1,4,1,1,0,50000,0,1,8192,50000,0.00,11064.97,1.416316
bw_cq_mod,bw,mlx5_0,RC,1024,1,4,1,1,0,50000,0,1,16384,50000,0.00,11184.87,0.715832
bw_cq_mod,bw,mlx5_0,RC,1024,1,4,1,1,0,50000,0,1,32768,50000,0.00,11217.87,0.358972
bw_cq_mod,bw,mlx5_0,RC,1024,1,4,1,1,0,50000,0,1,65536,50000,0.00,11063.61,0.177018
bw_cq_mod,bw,mlx5_0,RC,1024,1,4,1,1,0,50000,0,1,2,50000,0.00,14.59,7.650442
bw_cq_mod,bw,mlx5_0,RC,1024,1,4,1,1,0,50000,0,1,4,50000,0.00,29.97,7.856728
bw_cq_mod,bw,mlx5_0,RC,1024,1,4,1,1,0,50000,0,1,8,50000,0.00,60.39,7.915719
bw_cq_mod,bw,mlx5_0,RC,1024,1,4,1,1,0,50000,0,1,16,50000,0.00,120.79,7.916243
bw_cq_mod,bw,mlx5_0,RC,1024,1,4,1,1,0,50000,0,1,32,50000,0.00,241.60,7.916758
bw_cq_mod,bw,mlx5_0,RC,1024,1,4,1,1,0,50000,0,1,64,50000,0.00,479.73,7.859825
bw_cq_mod,bw,mlx5_0,RC,1024,1,4,1,1,0,50000,0,1,128,50000,0.00,962.11,7.881635
bw_cq_mod,bw,mlx5_0,RC,1024,1,4,1,1,0,50000,0,1,256,50000,0.00,1652.44,6.768375
bw_cq_mod,bw,mlx5_0,RC,1024,1,4,1,1,0,50000,0,1,512,50000,0.00,3640.64,7.456023
bw_cq_mod,bw,mlx5_0,RC,1024,1,4,1,1,0,50000,0,1,1024,50000,0.00,7085.96,7.256027
bw_cq_mod,bw,mlx5_0,RC,1024,1,4,1,1,0,50000,0,1,2048,50000,0.00,10790.68,5.524828
bw_cq_mod,bw,mlx5_0,RC,1024,1,4,1,1,0,50000,0,1,4096,50000,0.00,11173.56,2.860432
bw_cq_mod,bw,mlx5_0,RC,1024,1,4,1,1,0,50000,0,1,8192,50000,0.00,11092.14,1.419794
bw_cq_mod,bw,mlx5_0,RC,1024,1,4,1,1,0,50000,0,1,16384,50000,0.00,11049.47,0.707166
bw_cq_mod,bw,mlx5_0,RC,1024,1,4,1,1,0,50000,0,1,32768,50000,0.00,11141.50,0.356528
bw_cq_mod,bw,mlx5_0,RC,1024,1,4,1,1,0,50000,0,1,65536,50000,0.00,11141.10,0.178258
bw_cq_mod,bw,mlx5_0,RC,1024,1,8,1,1,0,50000,0,1,2,50000,0.00,15.01,7.867885
bw_cq_mod,bw,mlx5_0,RC,1024,1,8,1,1,0,50000,0,1,4,50000,0.00,30.75,8.059812
bw_cq_mod,bw,mlx5_0,RC,1024,1,8,1,1,0,50000,0,1,8,50000,0.00,60.57,7.939017
bw_cq_mod,bw,mlx5_0,RC,1024,1,8,1,1,0,50000,0,1,16,50000,0.00,122.32,8.016193
bw_cq_mod,bw,mlx5_0,RC,1024,1,8,1,1,0,50000,0,1,32,50000,0.00,245.64,8.048991
bw_cq_mod,bw,mlx5_0,RC,1024,1,8,1,1,0,50000,0,1,64,50000,0.00,491.49,8.052491
bw_cq_mod,bw,mlx5_0,RC,1024,1,8,1,1,0,50000,0,1,128,50000,0.00,967.27,7.923877
bw_cq_mod,bw,mlx5_0,RC,1024,1,8,1,1,0,50000,0,1,256,50000,0.00,1947.53,7.977068
bw_cq_mod,bw,mlx5_0,RC,1024,1,8,1,1,0,50000,0,1,512,50000,0.00,3850.75,7.886346
bw_cq_mod,bw,mlx5_0,RC,1024,1,8,1,1,0,50000,0,1,1024,50000,0.00,7157.14,7.328915
bw_cq_mod,bw,mlx5_0,RC,1024,1,8,1,1,0,50000,0,1,2048,50000,0.00,10616.40,5.435597
bw_cq_mod,bw,mlx5_0,RC,1024,1,8,1,1,0,50000,0,1,4096,50000,0.00,11059.14,2.831139
bw_cq_mod,bw,mlx5_0,RC,1024,1,8,1,1,0,50000,0,1,8192,50000,0.00,11036.76,1.412706
bw_cq_mod,bw,mlx5_0,RC,1024,1,8,1,1,0,50000,0,1,16384,50000,0.00,11078.70,0.709037
bw_cq_mod,bw,mlx5_0,RC,1024,1,8,1,1,0,50000,0,1,32768,50000,0.00,11169.60,0.357427
bw_cq_mod,bw,mlx5_0,RC,1024,1,8,1,1,0,50000,0,1,65536,50000,0.00,11168.10,0.178690
bw_cq_mod,bw,mlx5_0,RC,1024,1,8,1,1,0,50000,0,1,2,50000,0.00,15.11,7.921424
bw_cq_mod,bw,mlx5_0,RC,1024,1,8,1,1,0,50000,0,1,4,50000,0.00,30.72,8.054341
bw_cq_mod,bw,mlx5_0,RC,1024,1,8,1,1,0,50000,0,1,8,50000,0.00,60.99,7.993867
bw_cq_mod,bw,mlx5_0,RC,1024,1,8,1,1,0,50000,0,1,16,50000,0.00,122.68,8.040076
bw_cq_mod,bw,mlx5_0,RC,1024,1,8,1,1,0,50000,0,1,32,50000,0.00,245.81,8.054741
bw_cq_mod,bw,mlx5_0,RC,1024,1,8,1,1,0,50000,0,1,64,50000,0.00,488.64,8.005931
bw_cq_mod,bw,mlx5_0,RC,1024,1,8,1,1,0,50000,0,1,128,50000,0.00,966.98,7.921486
bw_cq_mod,bw,mlx5_0,RC,1024,1,8,1,1,0,50000,0,1,256,50000,0.00,1922.51,7.874614
bw_cq_mod,bw,mlx5_0,RC,1024,1,8,1,1,0,50000,0,1,512,50000,0.00,3828.44,7.840643
bw_cq_mod,bw,mlx5_0,RC,1024,1,8,1,1,0,50000,0,1,1024,50000,0.00,7074.69,7.244481
bw_cq_mod,bw,mlx5_0,RC,1024,1,8,1,1,0,50000,0,1,2048,50000,0.00,10514.19,5.383267
bw_cq_mod,bw,mlx5_0,RC,1024,1,8,1,1,0,50000,0,1,4096,50000,0.00,10854.42,2.778730
bw_cq_mod,bw,mlx5_0,RC,1024,1,8,1,1,0,50000,0,1,8192,50000,0.00,11012.93,1.409655
bw_cq_mod,bw,mlx5_0,RC,1024,1,8,1,1,0,50000,0,1,16384,50000,0.00,11067.34,0.708310
bw_cq_mod,bw,mlx5_0,RC,1024,1,8,1,1,0,50000,0,1,32768,50000,0.00,11104.30,0.355338
bw_cq_mod,bw,mlx5_0,RC,1024,1,8,1,1,0,50000,0,1,65536,50000,0.00,11153.17,0.178451
bw_cq_mod,bw,mlx5_0,RC,1024,1,8,1,1,0,50000,0,1,2,50000,0.00,14.60,7.655892
bw_cq_mod,bw,mlx5_0,RC,1024,1,8,1,1,0,50000,0,1,4,50000,0.00,30.26,7.932311
bw_cq_mod,bw,mlx5_0,RC,1024,1,8,1,1,0,50000,0,1,8,50000,0.00,61.26,8.030076
bw_cq_mod,bw,mlx5_0,RC,1024,1,8,1,1,0,50000,0,1,16,50000,0.00,122.82,8.048830
bw_cq_mod,bw,mlx5_0,RC,1024,1,8,1,1,0,50000,0,1,32,50000,0.00,245.39,8.040978
bw_cq_mod,bw,mlx5_0,RC,1024,1,8,1,1,0,50000,0,1,64,50000,0.00,487.73,7.991013
bw_cq_mod,bw,mlx5_0,RC,1024,1,8,1,1,0,50000,0,1,128,50000,0.00,980.75,8.034342
bw_cq_mod,bw,mlx5_0,RC,1024,1,8,1,1,0,50000,0,1,256,50000,0.00,1939.43,7.943919
bw_cq_mod,bw,mlx5_0,RC,1024,1,8,1,1,0,50000,0,1,512,50000,0.00,3816.43,7.816051
bw_cq_mod,bw,mlx5_0,RC,1024,1,8,1,1,0,50000,0,1,1024,50000,0.00,7230.80,7.404340
bw_cq_mod,bw,mlx5_0,RC,1024,1,8,1,1,0,50000,0,1,2048,50000,0.00,10602.27,5.428360
bw_cq_mod,bw,mlx5_0,RC,1024,1,8,1,1,0,50000,0,1,4096,50000,0.00,10871.36,2.783068
bw_cq_mod,bw,mlx5_0,RC,1024,1,8,1,1,0,50000,0,1,8192,50000,0.00,11048.74,1.414238
bw_cq_mod,bw,mlx5_0,RC,1024,1,8,1,1,0,50000,0,1,16384,50000,0.00,11060.97,0.707902
bw_cq_mod,bw,mlx5_0,RC,1024,1,8,1,1,0,50000,0,1,32768,50000,0.00,11193.01,0.358176
bw_cq_mod,bw,mlx5_0,RC,1024,1,8,1,1,0,50000,0,1,65536,50000,0.00,11156.51,0.178504
bw_cq_mod,bw,mlx5_0,RC,1024,1,16,1,1,0,50000,0,1,2,50000,0.00,15.07,7.902026
bw_cq_mod,bw,mlx5_0,RC,1024,1,16,1,1,0,50000,0,1,4,50000,0.00,30.87,8.091671
bw_cq_mod,bw,mlx5_0,RC,1024,1,16,1,1,0,50000,0,1,8,50000,0.00,61.54,8.066480
bw_cq_mod,bw,mlx5_0,RC,1024,1,16,1,1,0,50000,0,1,16,50000,0.00,123.92,8.121262
bw_cq_mod,bw,mlx5_0,RC,1024,1,16,1,1,0,50000,0,1,32,50000,0.00,247.96,8.125262
bw_cq_mod,bw,mlx5_0,RC,1024,1,16,1,1,0,50000,0,1,64,50000,0.00,492.11,8.062707
bw_cq_mod,bw,mlx5_0,RC,1024,1,16,1,1,0,50000,0,1,128,50000,0.00,981.90,8.043733
bw_cq_mod,bw,mlx5_0,RC,1024,1,16,1,1,0,50000,0,1,256,50000,0.00,1904.90,7.802467
bw_cq_mod,bw,mlx5_0,RC,1024,1,16,1,1,0,50000,0,1,512,50000,0.00,3786.10,7.753926
bw_cq_mod,bw,mlx5_0,RC,1024,1,16,1,1,0,50000,0,1,1024,50000,0.00,7239.70,7.413449
bw_cq_mod,bw,mlx5_0,RC,1024,1,16,1,1,0,50000,0,1,2048,50000,0.00,10437.33,5.343911
bw_cq_mod,bw,mlx5_0,RC,1024,1,16,1,1,0,50000,0,1,4096,50000,0.00,10786.50,2.761344
bw_cq_mod,bw,mlx5_0,RC,1024,1,16,1,1,0,50000,0,1,8192,50000,0.00,10954.41,1.402165
bw_cq_mod,bw,mlx5_0,RC,1024,1,16,1,1,0,50000,0,1,16384,50000,0.00,10985.89,0.703097
bw_cq_mod,bw,mlx5_0,RC,1024,1,16,1,1,0,50000,0,1,32768,50000,0.00,11124.43,0.355982
bw_cq_mod,bw,mlx5_0,RC,1024,1,16,1,1,0,50000,0,1,65536,50000,0.00,11172.09,0.178753
bw_cq_mod,bw,mlx5_0,RC,1024,1,16,1,1,0,50000,0,1,2,50000,0.00,14.53,7.617080
bw_cq_mod,bw,mlx5_0,RC,1024,1,16,1,1,0,50000,0,1,4,50000,0.00,30.98,8.120453
bw_cq_mod,bw,mlx5_0,RC,1024,1,16,1,1,0,50000,0,1,8,50000,0.00,62.02,8.129020
bw_cq_mod,bw,mlx5_0,RC,1024,1,16,1,1,0,50000,0,1,16,50000,0.00,122.27,8.013112
bw_cq_mod,bw,mlx5_0,RC,1024,1,16,1,1,0,50000,0,1,32,50000,0.00,246.09,8.063888
bw_cq_mod,bw,mlx5_0,RC,1024,1,16,1,1,0,50000,0,1,64,50000,0.00,496.01,8.126634
bw_cq_mod,bw,mlx5_0,RC,1024,1,16,1,1,0,50000,0,1,128,50000,0.00,989.98,8.109928
bw_cq_mod,bw,mlx5_0,RC,1024,1,16,1,1,0,50000,0,1,256,50000,0.00,1912.26,7.832605
bw_cq_mod,bw,mlx5_0,RC,1024,1,16,1,1,0,50000,0,1,512,50000,0.00,3874.13,7.934218
bw_cq_mod,bw,mlx5_0,RC,1024,1,16,1,1,0,50000,0,1,1024,50000,0.00,7324.72,7.500517
bw_cq_mod,bw,mlx5_0,RC,1024,1,16,1,1,0,50000,0,1,2048,50000,0.00,10516.36,5.384376
bw_cq_mod,bw,mlx5_0,RC,1024,1,16,1,1,0,50000,0,1,4096,50000,0.00,11150.69,2.854576
bw_cq_mod,bw,mlx5_0,RC,1024,1,16,1,1,0,50000,0,1,8192,50000,0.00,11028.45,1.411641
bw_cq_mod,bw,mlx5_0,RC,1024,1,16,1,1,0,50000,0,1,16384,50000,0.00,10953.26,0.701009
bw_cq_mod,bw,mlx5_0,RC,1024,1,16,1,1,0,50000,0,1,32768,50000,0.00,11083.50,0.354672
bw_cq_mod,bw,mlx5_0,RC,1024,1,16,1,1,0,50000,0,1,65536,50000,0.00,11172.59,0.178761
bw_cq_mod,bw,mlx5_0,RC,1024,1,16,1,1,0,50000,0,1,2,50000,0.00,15.24,7.987614
bw_cq_mod,bw,mlx5_0,RC,1024,1,16,1,1,0,50000,0,1,4,50000,0.00,30.97,8.117645
bw_cq_mod,bw,mlx5_0,RC,1024,1,16,1,1,0,50000,0,1,8,50000,0.00,60.28,7.900397
bw_cq_mod,bw,mlx5_0,RC,1024,1,16,1,1,0,50000,0,1,16,50000,0.00,122.64,8.037162
bw_cq_mod,bw,mlx5_0,RC,1024,1,16,1,1,0,50000,0,1,32,50000,0.00,247.80,8.120063
bw_cq_mod,bw,mlx5_0,RC,1024,1,16,1,1,0,50000,0,1,64,50000,0.00,495.75,8.122356
bw_cq_mod,bw,mlx5_0,RC,1024,1,16,1,1,0,50000,0,1,128,50000,0.00,981.50,8.040452
bw_cq_mod,bw,mlx5_0,RC,1024,1,16,1,1,0,50000,0,1,256,50000,0.00,1941.78,7.953518
bw_cq_mod,bw,mlx5_0,RC,1024,1,16,1,1,0,50000,0,1,512,50000,0.00,3807.11,7.796966
bw_cq_mod,bw,mlx5_0,RC,1024,1,16,1,1,0,50000,0,1,1024,50000,0.00,7344.19,7.520447
bw_cq_mod,bw,mlx5_0,RC,1024,1,16,1,1,0,50000,0,1,2048,50000,0.00,10529.29,5.390996
bw_cq_mod,bw,mlx5_0,RC,1024,1,16,1,1,0,50000,0,1,4096,50000,0.00,10868.62,2.782366
bw_cq_mod,bw,mlx5_0,RC,1024,1,16,1,1,0,50000,0,1,8192,50000,0.00,10936.09,1.399819
bw_cq_mod,bw,mlx5_0,RC,1024,1,16,1,1,0,50000,0,1,16384,50000,0.00,10972.47,0.702238
bw_cq_mod,bw,mlx5_0,RC,1024,1,16,1,1,0,50000,0,1,32768,50000,0.00,11115.73,0.355703
bw_cq_mod,bw,mlx5_0,RC,1024,1,16,1,1,0,50000,0,1,65536,50000,0.00,11181.08,0.178897
bw_cq_mod,bw,mlx5_0,RC,1024,1,32,1,1,0,50000,0,1,2,50000,0.00,14.86,7.792635
bw_cq_mod,bw,mlx5_0,RC,1024,1,32,1,1,0,50000,0,1,4,50000,0.00,30.95,8.114540
bw_cq_mod,bw,mlx5_0,RC,1024,1,32,1,1,0,50000,0,1,8,50000,0.00,62.05,8.132731
bw_cq_mod,bw,mlx5_0,RC,1024,1,32,1,1,0,50000,0,1,16,50000,0.00,123.26,8.078144
bw_cq_mod,bw,mlx5_0,RC,1024,1,32,1,1,0,50000,0,1,32,50000,0.00,247.09,8.096620
bw_cq_mod,bw,mlx5_0,RC,1024,1,32,1,1,0,50000,0,1,64,50000,0.00,493.18,8.080288
bw_cq_mod,bw,mlx5_0,RC,1024,1,32,1,1,0,50000,0,1,128,50000,0.00,987.50,8.089560
bw_cq_mod,bw,mlx5_0,RC,1024,1,32,1,1,0,50000,0,1,256,50000,0.00,1852.59,7.588199
bw_cq_mod,bw,mlx5_0,RC,1024,1,32,1,1,0,50000,0,1,512,50000,0.00,3885.40,7.957305
bw_cq_mod,bw,mlx5_0,RC,1024,1,32,1,1,0,50000,0,1,1024,50000,0.00,7361.71,7.538394
bw_cq_mod,bw,mlx5_0,RC,1024,1,32,1,1,0,50000,0,1,2048,50000,0.00,10591.63,5.422915
bw_cq_mod,bw,mlx5_0,RC,1024,1,32,1,1,0,50000,0,1,4096,50000,0.00,10810.02,2.767365
bw_cq_mod,bw,mlx5_0,RC,1024,1,32,1,1,0,50000,0,1,8192,50000,0.00,11033.30,1.412262
bw_cq_mod,bw,mlx5_0,RC,1024,1,32,1,1,0,50000,0,1,16384,50000,0.00,11094.76,0.710064
bw_cq_mod,bw,mlx5_0,RC,1024,1,32,1,1,0,50000,0,1,32768,50000,0.00,11180.74,0.357784
bw_cq_mod,bw,mlx5_0,RC,1024,1,32,1,1,0,50000,0,1,65536,50000,0.00,11163.63,0.178618
bw_cq_mod,bw,mlx5_0,RC,1024,1,32,1,1,0,50000,0,1,2,50000,0.00,15.34,8.042799
bw_cq_mod,bw,mlx5_0,RC,1024,1,32,1,1,0,50000,0,1,4,50000,0.00,31.08,8.147692
bw_cq_mod,bw,mlx5_0,RC,1024,1,32,1,1,0,50000,0,1,8,50000,0.00,61.70,8.086975
bw_cq_mod,bw,mlx5_0,RC,1024,1,32,1,1,0,50000,0,1,16,50000,0.00,123.51,8.094143
bw_cq_mod,bw,mlx5_0,RC,1024,1,32,1,1,0,50000,0,1,32,50000,0.00,248.73,8.150473
bw_cq_mod,bw,mlx5_0,RC,1024,1,32,1,1,0,50000,0,1,64,50000,0.00,496.41,8.133238
bw_cq_mod,bw,mlx5_0,RC,1024,1,32,1,1,0,50000,0,1,128,50000,0.00,900.99,7.380879
bw_cq_mod,bw,mlx5_0,RC,1024,1,32,1,1,0,50000,0,1,256,50000,0.00,1970.16,8.069788
bw_cq_mod,bw,mlx5_0,RC,1024,1,32,1,1,0,50000,0,1,512,50000,0.00,3839.51,7.863312
bw_cq_mod,bw,mlx5_0,RC,1024,1,32,1,1,0,50000,0,1,1024,50000,0.00,7315.61,7.491189
bw_cq_mod,bw,mlx5_0,RC,1024,1,32,1,1,0,50000,0,1,2048,50000,0.00,10505.58,5.378857
bw_cq_mod,bw,mlx5_0,RC,1024,1,32,1,1,0,50000,0,1,4096,50000,0.00,10915.55,2.794381
bw_cq_mod,bw,mlx5_0,RC,1024,1,32,1,1,0,50000,0,1,8192,50000,0.00,11047.51,1.414081
bw_cq_mod,bw,mlx5_0,RC,1024,1,32,1,1,0,50000,0,1,16384,50000,0.00,10981.53,0.702818
bw_cq_mod,bw,mlx5_0,RC,1024,1,32,1,1,0,50000,0,1,32768,50000,0.00,11072.36,0.354316
bw_cq_mod,bw,mlx5_0,RC,1024,1,32,1,1,0,50000,0,1,65536,50000,0.00,11119.03,0.177904
bw_cq_mod,bw,mlx5_0,RC,1024,1,32,1,1,0,50000,0,1,2,50000,0.00,15.01,7.866976
bw_cq_mod,bw,mlx5_0,RC,1024,1,32,1,1,0,50000,0,1,4,50000,0.00,30.94,8.111727
bw_cq_mod,bw,mlx5_0,RC,1024,1,32,1,1,0,50000,0,1,8,50000,0.00,61.12,8.011272
bw_cq_mod,bw,mlx5_0,RC,1024,1,32,1,1,0,50000,0,1,16,50000,0.00,124.19,8.139162
bw_cq_mod,bw,mlx5_0,RC,1024,1,32,1,1,0,50000,0,1,32,50000,0.00,248.28,8.135587
bw_cq_mod,bw,mlx5_0,RC,1024,1,32,1,1,0,50000,0,1,64,50000,0.00,493.26,8.081653
bw_cq_mod,bw,mlx5_0,RC,1024,1,32,1,1,0,50000,0,1,128,50000,0.00,979.14,8.021155
bw_cq_mod,bw,mlx5_0,RC,1024,1,32,1,1,0,50000,0,1,256,50000,0.00,1973.37,8.082941
bw_cq_mod,bw,mlx5_0,RC,1024,1,32,1,1,0,50000,0,1,512,50000,0.00,3885.99,7.958516
bw_cq_mod,bw,mlx5_0,RC,1024,1,32,1,1,0,50000,0,1,1024,50000,0.00,7121.87,7.292790
bw_cq_mod,bw,mlx5_0,RC,1024,1,32,1,1,0,50000,0,1,2048,50000,0.00,10468.82,5.360034
bw_cq_mod,bw,mlx5_0,RC,1024,1,32,1,1,0,50000,0,1,4096,50000,0.00,10823.94,2.770928
bw_cq_mod,bw,mlx5_0,RC,1024,1,32,1,1,0,50000,0,1,8192,50000,0.00,11023.20,1.410970
bw_cq_mod,bw,mlx5_0,RC,1024,1,32,1,1,0,50000,0,1,16384,50000,0.00,10987.52,0.703201
bw_cq_mod,bw,mlx5_0,RC,1024,1,32,1,1,0,50000,0,1,32768,50000,0.00,11158.51,0.357072
bw_cq_mod,bw,mlx5_0,RC,1024,1,32,1,1,0,50000,0,1,65536,50000,0.00,11164.91,0.178639
bw_cq_mod,bw,mlx5_0,RC,1024,1,64,1,1,0,50000,0,1,2,50000,0.00,14.88,7.803928
bw_cq_mod,bw,mlx5_0,RC,1024,1,64,1,1,0,50000,0,1,4,50000,0.00,30.95,8.113585
bw_cq_mod,bw,mlx5_0,RC,1024,1,64,1,1,0,50000,0,1,8,50000,0.00,61.68,8.085158
bw_cq_mod,bw,mlx5_0,RC,1024,1,64,1,1,0,50000,0,1,16,50000,0.00,124.77,8.176723
bw_cq_mod,bw,mlx5_0,RC,1024,1,64,1,1,0,50000,0,1,32,50000,0.00,249.37,8.171456
bw_cq_mod,bw,mlx5_0,RC,1024,1,64,1,1,0,50000,0,1,64,50000,0.00,495.25,8.114190
bw_cq_mod,bw,mlx5_0,RC,1024,1,64,1,1,0,50000,0,1,128,50000,0.00,968.45,7.933545
bw_cq_mod,bw,mlx5_0,RC,1024,1,64,1,1,0,50000,0,1,256,50000,0.00,1970.15,8.069716
bw_cq_mod,bw,mlx5_0,RC,1024,1,64,1,1,0,50000,0,1,512,50000,0.00,3894.79,7.976534
bw_cq_mod,bw,mlx5_0,RC,1024,1,64,1,1,0,50000,0,1,1024,50000,0.00,7242.96,7.416790
bw_cq_mod,bw,mlx5_0,RC,1024,1,64,1,1,0,50000,0,1,2048,50000,0.00,10454.24,5.352573
bw_cq_mod,bw,mlx5_0,RC,1024,1,64,1,1,0,50000,0,1,4096,50000,0.00,10932.24,2.798654
bw_cq_mod,bw,mlx5_0,RC,1024,1,64,1,1,0,50000,0,1,8192,50000,0.00,11010.81,1.409384
bw_cq_mod,bw,mlx5_0,RC,1024,1,64,1,1,0,50000,0,1,16384,50000,0.00,11024.34,0.705558
bw_cq_mod,bw,mlx5_0,RC,1024,1,64,1,1,0,50000,0,1,32768,50000,0.00,11106.78,0.355417
bw_cq_mod,bw,mlx5_0,RC,1024,1,64,1,1,0,50000,0,1,65536,50000,0.00,11134.29,0.178149
bw_cq_mod,bw,mlx5_0,RC,1024,1,64,1,1,0,50000,0,1,2,50000,0.00,15.03,7.881883
bw_cq_mod,bw,mlx5_0,RC,1024,1,64,1,1,0,50000,0,1,4,50000,0.00,30.93,8.108095
bw_cq_mod,bw,mlx5_0,RC,1024,1,64,1,1,0,50000,0,1,8,50000,0.00,61.84,8.105627
bw_cq_mod,bw,mlx5_0,RC,1024,1,64,1,1,0,50000,0,1,16,50000,0.00,123.83,8.115367
bw_cq_mod,bw,mlx5_0,RC,1024,1,64,1,1,0,50000,0,1,32,50000,0.00,249.23,8.166819
bw_cq_mod,bw,mlx5_0,RC,1024,1,64,1,1,0,50000,0,1,64,50000,0.00,495.09,8.111539
bw_cq_mod,bw,mlx5_0,RC,1024,1,64,1,1,0,50000,0,1,128,50000,0.00,981.91,8.043793
bw_cq_mod,bw,mlx5_0,RC,1024,1,64,1,1,0,50000,0,1,256,50000,0.00,1978.04,8.102059
bw_cq_mod,bw,mlx5_0,RC,1024,1,64,1,1,0,50000,0,1,512,50000,0.00,3831.84,7.847602
bw_cq_mod,bw,mlx5_0,RC,1024,1,64,1,1,0,50000,0,1,1024,50000,0.00,7396.67,7.574194
bw_cq_mod,bw,mlx5_0,RC,1024,1,64,1,1,0,50000,0,1,2048,50000,0.00,10669.92,5.462999
bw_cq_mod,bw,mlx5_0,RC,1024,1,64,1,1,0,50000,0,1,4096,50000,0.00,10872.57,2.783378
bw_cq_mod,bw,mlx5_0,RC,1024,1,64,1,1,0,50000,0,1,8192,50000,0.00,11053.96,1.414907
bw_cq_mod,bw,mlx5_0,RC,1024,1,64,1,1,0,50000,0,1,16384,50000,0.00,11078.88,0.709048
bw_cq_mod,bw,mlx5_0,RC,1024,1,64,1,1,0,50000,0,1,32768,50000,0.00,11160.82,0.357146
bw_cq_mod,bw,mlx5_0,RC,1024,1,64,1,1,0,50000,0,1,65536,50000,0.00,11240.65,0.179850
bw_cq_mod,bw,mlx5_0,RC,1024,1,64,1,1,0,50000,0,1,2,50000,0.00,15.27,8.005702
bw_cq_mod,bw,mlx5_0,RC,1024,1,64,1,1,0,50000,0,1,4,50000,0.00,30.85,8.088352
bw_cq_mod,bw,mlx5_0,RC,1024,1,64,1,1,0,50000,0,1,8,50000,0.00,62.13,8.143374
bw_cq_mod,bw,mlx5_0,RC,1024,1,64,1,1,0,50000,0,1,16,50000,0.00,124.38,8.151255
bw_cq_mod,bw,mlx5_0,RC,1024,1,64,1,1,0,50000,0,1,32,50000,0.00,245.30,8.038063
bw_cq_mod,bw,mlx5_0,RC,1024,1,64,1,1,0,50000,0,1,64,50000,0.00,495.67,8.121092
bw_cq_mod,bw,mlx5_0,RC,1024,1,64,1,1,0,50000,0,1,128,50000,0.00,790.28,6.473981
bw_cq_mod,bw,mlx5_0,RC,1024,1,64,1,1,0,50000,0,1,256,50000,0.00,1956.89,8.015433
bw_cq_mod,bw,mlx5_0,RC,1024,1,64,1,1,0,50000,0,1,512,50000,0.00,3890.04,7.966793
bw_cq_mod,bw,mlx5_0,RC,1024,1,64,1,1,0,50000,0,1,1024,50000,0.00,7328.34,7.504222
bw_cq_mod,bw,mlx5_0,RC,1024,1,64,1,1,0,50000,0,1,2048,50000,0.00,10601.89,5.428167
bw_cq_mod,bw,mlx5_0,RC,1024,1,64,1,1,0,50000,0,1,4096,50000,0.00,11081.05,2.836750
bw_cq_mod,bw,mlx5_0,RC,1024,1,64,1,1,0,50000,0,1,8192,50000,0.00,11075.12,1.417615
bw_cq_mod,bw,mlx5_0,RC,1024,1,64,1,1,0,50000,0,1,16384,50000,0.00,10991.33,0.703445
bw_cq_mod,bw,mlx5_0,RC,1024,1,64,1,1,0,50000,0,1,32768,50000,0.00,11089.84,0.354875
bw_cq_mod,bw,mlx5_0,RC,1024,1,64,1,1,0,50000,0,1,65536,50000,0.00,11122.12,0.177954
bw_cq_mod,bw,mlx5_0,RC,1024,1,128,1,1,0,50000,0,1,2,50000,0.00,14.91,7.815024
bw_cq_mod,bw,mlx5_0,RC,1024,1,128,1,1,0,50000,0,1,4,50000,0.00,30.67,8.040270
bw_cq_mod,bw,mlx5_0,RC,1024,1,128,1,1,0,50000,0,1,8,50000,0.00,61.63,8.077994
bw_cq_mod,bw,mlx5_0,RC,1024,1,128,1,1,0,50000,0,1,16,50000,0.00,124.37,8.150527
bw_cq_mod,bw,mlx5_0,RC,1024,1,128,1,1,0,50000,0,1,32,50000,0.00,246.70,8.083762
bw_cq_mod,bw,mlx5_0,RC,1024,1,128,1,1,0,50000,0,1,64,50000,0.00,493.77,8.089874
bw_cq_mod,bw,mlx5_0,RC,1024,1,128,1,1,0,50000,0,1,128,50000,0.00,984.02,8.061128
bw_cq_mod,bw,mlx5_0,RC,1024,1,128,1,1,0,50000,0,1,256,50000,0.00,1962.98,8.040379
bw_cq_mod,bw,mlx5_0,RC,1024,1,128,1,1,0,50000,0,1,512,50000,0.00,3855.47,7.895997
bw_cq_mod,bw,mlx5_0,RC,1024,1,128,1,1,0,50000,0,1,1024,50000,0.00,7262.67,7.436971
bw_cq_mod,bw,mlx5_0,RC,1024,1,128,1,1,0,50000,0,1,2048,50000,0.00,10685.37,5.470910
bw_cq_mod,bw,mlx5_0,RC,1024,1,128,1,1,0,50000,0,1,4096,50000,0.00,11075.61,2.835355
bw_cq_mod,bw,mlx5_0,RC,1024,1,128,1,1,0,50000,0,1,8192,50000,0.00,11069.22,1.416860
bw_cq_mod,bw,mlx5_0,RC,1024,1,128,1,1,0,50000,0,1,16384,50000,0.00,11160.96,0.714302
bw_cq_mod,bw,mlx5_0,RC,1024,1,128,1,1,0,50000,0,1,32768,50000,0.00,11210.62,0.358740
bw_cq_mod,bw,mlx5_0,RC,1024,1,128,1,1,0,50000,0,1,65536,50000,0.00,11178.20,0.178851
bw_cq_mod,bw,mlx5_0,RC,1024,1,128,1,1,0,50000,0,1,2,50000,0.00,14.95,7.838226
bw_cq_mod,bw,mlx5_0,RC,1024,1,128,1,1,0,50000,0,1,4,50000,0.00,30.80,8.073917
bw_cq_mod,bw,mlx5_0,RC,1024,1,128,1,1,0,50000,0,1,8,50000,0.00,61.85,8.107163
bw_cq_mod,bw,mlx5_0,RC,1024,1,128,1,1,0,50000,0,1,16,50000,0.00,124.76,8.176412
bw_cq_mod,bw,mlx5_0,RC,1024,1,128,1,1,0,50000,0,1,32,50000,0.00,240.53,7.881561
bw_cq_mod,bw,mlx5_0,RC,1024,1,128,1,1,0,50000,0,1,64,50000,0.00,495.30,8.114952
bw_cq_mod,bw,mlx5_0,RC,1024,1,128,1,1,0,50000,0,1,128,50000,0.00,968.41,7.933174
bw_cq_mod,bw,mlx5_0,RC,1024,1,128,1,1,0,50000,0,1,256,50000,0.00,1986.89,8.138287
bw_cq_mod,bw,mlx5_0,RC,1024,1,128,1,1,0,50000,0,1,512,50000,0.00,3904.68,7.996777
bw_cq_mod,bw,mlx5_0,RC,1024,1,128,1,1,0,50000,0,1,1024,50000,0.00,7318.39,7.494032
bw_cq_mod,bw,mlx5_0,RC,1024,1,128,1,1,0,50000,0,1,2048,50000,0.00,10763.86,5.511094
bw_cq_mod,bw,mlx5_0,RC,1024,1,128,1,1,0,50000,0,1,4096,50000,0.00,11003.24,2.816829
bw_cq_mod,bw,mlx5_0,RC,1024,1,128,1,1,0,50000,0,1,8192,50000,0.00,11092.10,1.419788
bw_cq_mod,bw,mlx5_0,RC,1024,1,128,1,1,0,50000,0,1,16384,50000,0.00,11089.10,0.709703
bw_cq_mod,bw,mlx5_0,RC,1024,1,128,1,1,0,50000,0,1,32768,50000,0.00,11174.22,0.357575
bw_cq_mod,bw,mlx5_0,RC,1024,1,128,1,1,0,50000,0,1,65536,50000,0.00,11157.89,0.178526
bw_cq_mod,bw,mlx5_0,RC,1024,1,128,1,1,0,50000,0,1,2,50000,0.00,15.00,7.865609
bw_cq_mod,bw,mlx5_0,RC,1024,1,128,1,1,0,50000,0,1,4,50000,0.00,31.09,8.150266
bw_cq_mod,bw,mlx5_0,RC,1024,1,128,1,1,0,50000,0,1,8,50000,0.00,61.89,8.112521
bw_cq_mod,bw,mlx5_0,RC,1024,1,128,1,1,0,50000,0,1,16,50000,0.00,124.72,8.173350
bw_cq_mod,bw,mlx5_0,RC,1024,1,128,1,1,0,50000,0,1,32,50000,0.00,249.49,8.175196
bw_cq_mod,bw,mlx5_0,RC,1024,1,128,1,1,0,50000,0,1,64,50000,0.00,498.67,8.170212
bw_cq_mod,bw,mlx5_0,RC,1024,1,128,1,1,0,50000,0,1,128,50000,0.00,977.81,8.010209
bw_cq_mod,bw,mlx5_0,RC,1024,1,128,1,1,0,50000,0,1,256,50000,0.00,1960.65,8.030828
bw_cq_mod,bw,mlx5_0,RC,1024,1,128,1,1,0,50000,0,1,512,50000,0.00,3903.53,7.994437
bw_cq_mod,bw,mlx5_0,RC,1024,1,128,1,1,0,50000,0,1,1024,50000,0.00,7252.79,7.426859
bw_cq_mod,bw,mlx5_0,RC,1024,1,128,1,1,0,50000,0,1,2048,50000,0.00,10759.47,5.508851
bw_cq_mod,bw,mlx5_0,RC,1024,1,128,1,1,0,50000,0,1,4096,50000,0.00,10952.10,2.803739
bw_cq_mod,bw,mlx5_0,RC,1024,1,128,1,1,0,50000,0,1,8192,50000,0.00,11070.59,1.417036
bw_cq_mod,bw,mlx5_0,RC,1024,1,128,1,1,0,50000,0,1,16384,50000,0.00,11053.69,0.707436
bw_cq_mod,bw,mlx5_0,RC,1024,1,128,1,1,0,50000,0,1,32768,50000,0.00,11107.61,0.355443
bw_cq_mod,bw,mlx5_0,RC,1024,1,128,1,1,0,50000,0,1,65536,50000,0.00,11145.25,0.178324
bw_cq_mod,bw,mlx5_0,RC,1024,1,256,1,1,0,50000,0,1,2,50000,0.00,15.07,7.901646
bw_cq_mod,bw,mlx5_0,RC,1024,1,256,1,1,0,50000,0,1,4,50000,0.00,31.14,8.164458
bw_cq_mod,bw,mlx5_0,RC,1024,1,256,1,1,0,50000,0,1,8,50000,0.00,62.37,8.174771
bw_cq_mod,bw,mlx5_0,RC,1024,1,256,1,1,0,50000,0,1,16,50000,0.00,124.83,8.180897
bw_cq_mod,bw,mlx5_0,RC,1024,1,256,1,1,0,50000,0,1,32,50000,0.00,246.00,8.060961
bw_cq_mod,bw,mlx5_0,RC,1024,1,256,1,1,0,50000,0,1,64,50000,0.00,452.25,7.409595
bw_cq_mod,bw,mlx5_0,RC,1024,1,256,1,1,0,50000,0,1,128,50000,0.00,996.17,8.160589
bw_cq_mod,bw,mlx5_0,RC,1024,1,256,1,1,0,50000,0,1,256,50000,0.00,1986.98,8.138680
bw_cq_mod,bw,mlx5_0,RC,1024,1,256,1,1,0,50000,0,1,512,50000,0.00,3883.39,7.953185
bw_cq_mod,bw,mlx5_0,RC,1024,1,256,1,1,0,50000,0,1,1024,50000,0.00,7238.87,7.412601
bw_cq_mod,bw,mlx5_0,RC,1024,1,256,1,1,0,50000,0,1,2048,50000,0.00,10769.53,5.513999
bw_cq_mod,bw,mlx5_0,RC,1024,1,256,1,1,0,50000,0,1,4096,50000,0.00,11192.22,2.865208
bw_cq_mod,bw,mlx5_0,RC,1024,1,256,1,1,0,50000,0,1,8192,50000,0.00,11076.29,1.417765
bw_cq_mod,bw,mlx5_0,RC,1024,1,256,1,1,0,50000,0,1,16384,50000,0.00,11080.86,0.709175
bw_cq_mod,bw,mlx5_0,RC,1024,1,256,1,1,0,50000,0,1,32768,50000,0.00,11114.00,0.355648
bw_cq_mod,bw,mlx5_0,RC,1024,1,256,1,1,0,50000,0,1,65536,50000,0.00,11134.83,0.178157
bw_cq_mod,bw,mlx5_0,RC,1024,1,256,1,1,0,50000,0,1,2,50000,0.00,15.43,8.089346
bw_cq_mod,bw,mlx5_0,RC,1024,1,256,1,1,0,50000,0,1,4,50000,0.00,30.96,8.117069
bw_cq_mod,bw,mlx5_0,RC,1024,1,256,1,1,0,50000,0,1,8,50000,0.00,61.92,8.115466
bw_cq_mod,bw,mlx5_0,RC,1024,1,256,1,1,0,50000,0,1,16,50000,0.00,123.80,8.113096
bw_cq_mod,bw,mlx5_0,RC,1024,1,256,1,1,0,50000,0,1,32,50000,0.00,239.23,7.839070
bw_cq_mod,bw,mlx5_0,RC,1024,1,256,1,1,0,50000,0,1,64,50000,0.00,493.73,8.089228
bw_cq_mod,bw,mlx5_0,RC,1024,1,256,1,1,0,50000,0,1,128,50000,0.00,995.35,8.153911
bw_cq_mod,bw,mlx5_0,RC,1024,1,256,1,1,0,50000,0,1,256,50000,0.00,1982.57,8.120618
bw_cq_mod,bw,mlx5_0,RC,1024,1,256,1,1,0,50000,0,1,512,50000,0.00,3873.53,7.932982
bw_cq_mod,bw,mlx5_0,RC,1024,1,256,1,1,0,50000,0,1,1024,50000,0.00,7187.78,7.360283
bw_cq_mod,bw,mlx5_0,RC,1024,1,256,1,1,0,50000,0,1,2048,50000,0.00,10762.70,5.510501
bw_cq_mod,bw,mlx5_0,RC,1024,1,256,1,1,0,50000,0,1,4096,50000,0.00,10903.61,2.791325
bw_cq_mod,bw,mlx5_0,RC,1024,1,256,1,1,0,50000,0,1,8192,50000,0.00,11066.12,1.416463
bw_cq_mod,bw,mlx5_0,RC,1024,1,256,1,1,0,50000,0,1,16384,50000,0.00,11189.22,0.716110
bw_cq_mod,bw,mlx5_0,RC,1024,1,256,1,1,0,50000,0,1,32768,50000,0.00,11217.59,0.358963
bw_cq_mod,bw,mlx5_0,RC,1024,1,256,1,1,0,50000,0,1,65536,50000,0.00,11221.93,0.179551
bw_cq_mod,bw,mlx5_0,RC,1024,1,256,1,1,0,50000,0,1,2,50000,0.00,15.35,8.048654
bw_cq_mod,bw,mlx5_0,RC,1024,1,256,1,1,0,50000,0,1,4,50000,0.00,30.91,8.101931
bw_cq_mod,bw,mlx5_0,RC,1024,1,256,1,1,0,50000,0,1,8,50000,0.00,61.52,8.063200
bw_cq_mod,bw,mlx5_0,RC,1024,1,256,1,1,0,50000,0,1,16,50000,0.00,123.53,8.095521
bw_cq_mod,bw,mlx5_0,RC,1024,1,256,1,1,0,50000,0,1,32,50000,0.00,249.22,8.166291
bw_cq_mod,bw,mlx5_0,RC,1024,1,256,1,1,0,50000,0,1,64,50000,0.00,489.66,8.022553
bw_cq_mod,bw,mlx5_0,RC,1024,1,256,1,1,0,50000,0,1,128,50000,0.00,976.43,7.998915
bw_cq_mod,bw,mlx5_0,RC,1024,1,256,1,1,0,50000,0,1,256,50000,0.00,1985.91,8.134268
bw_cq_mod,bw,mlx5_0,RC,1024,1,256,1,1,0,50000,0,1,512,50000,0.00,3918.94,8.025995
bw_cq_mod,bw,mlx5_0,RC,1024,1,256,1,1,0,50000,0,1,1024,50000,0.00,7317.74,7.493364
bw_cq_mod,bw,mlx5_0,RC,1024,1,256,1,1,0,50000,0,1,2048,50000,0.00,10796.83,5.527977
bw_cq_mod,bw,mlx5_0,RC,1024,1,256,1,1,0,50000,0,1,4096,50000,0.00,11208.81,2.869456
bw_cq_mod,bw,mlx5_0,RC,1024,1,256,1,1,0,50000,0,1,8192,50000,0.00,11076.07,1.417736
bw_cq_mod,bw,mlx5_0,RC,1024,1,256,1,1,0,50000,0,1,16384,50000,0.00,11101.95,0.710525
bw_cq_mod,bw,mlx5_0,RC,1024,1,256,1,1,0,50000,0,1,32768,50000,0.00,11162.68,0.357206
bw_cq_mod,bw,mlx5_0,RC,1024,1,256,1,1,0,50000,0,1,65536,50000,0.00,11205.74,0.179292
bw_cq_mod,bw,mlx5_0,RC,1024,1,512,1,1,0,50000,0,1,2,50000,0.00,15.52,8.135725
bw_cq_mod,bw,mlx5_0,RC,1024,1,512,1,1,0,50000,0,1,4,50000,0.00,31.20,8.178426
bw_cq_mod,bw,mlx5_0,RC,1024,1,512,1,1,0,50000,0,1,8,50000,0.00,61.90,8.112742
bw_cq_mod,bw,mlx5_0,RC,1024,1,512,1,1,0,50000,0,1,16,50000,0.00,123.12,8.069004
bw_cq_mod,bw,mlx5_0,RC,1024,1,512,1,1,0,50000,0,1,32,50000,0.00,249.38,8.171596
bw_cq_mod,bw,mlx5_0,RC,1024,1,512,1,1,0,50000,0,1,64,50000,0.00,499.08,8.176938
bw_cq_mod,bw,mlx5_0,RC,1024,1,512,1,1,0,50000,0,1,128,50000,0.00,982.02,8.044680
bw_cq_mod,bw,mlx5_0,RC,1024,1,512,1,1,0,50000,0,1,256,50000,0.00,1952.65,7.998054
bw_cq_mod,bw,mlx5_0,RC,1024,1,512,1,1,0,50000,0,1,512,50000,0.00,3912.49,8.012782
bw_cq_mod,bw,mlx5_0,RC,1024,1,512,1,1,0,50000,0,1,1024,50000,0.00,7355.80,7.532341
bw_cq_mod,bw,mlx5_0,RC,1024,1,512,1,1,0,50000,0,1,2048,50000,0.00,10724.47,5.490929
bw_cq_mod,bw,mlx5_0,RC,1024,1,512,1,1,0,50000,0,1,4096,50000,0.00,10813.04,2.768139
bw_cq_mod,bw,mlx5_0,RC,1024,1,512,1,1,0,50000,0,1,8192,50000,0.00,11073.78,1.417443
bw_cq_mod,bw,mlx5_0,RC,1024,1,512,1,1,0,50000,0,1,16384,50000,0.00,11120.02,0.711682
bw_cq_mod,bw,mlx5_0,RC,1024,1,512,1,1,0,50000,0,1,32768,50000,0.00,11172.94,0.357534
bw_cq_mod,bw,mlx5_0,RC,1024,1,512,1,1,0,50000,0,1,65536,50000,0.00,11155.34,0.178485
bw_cq_mod,bw,mlx5_0,RC,1024,1,512,1,1,0,50000,0,1,2,50000,0.00,15.39,8.070401
bw_cq_mod,bw,mlx5_0,RC,1024,1,512,1,1,0,50000,0,1,4,50000,0.00,31.00,8.126195
bw_cq_mod,bw,mlx5_0,RC,1024,1,512,1,1,0,50000,0,1,8,50000,0.00,61.90,8.112950
bw_cq_mod,bw,mlx5_0,RC,1024,1,512,1,1,0,50000,0,1,16,50000,0.00,124.66,8.169950
bw_cq_mod,bw,mlx5_0,RC,1024,1,512,1,1,0,50000,0,1,32,50000,0.00,249.49,8.175298
bw_cq_mod,bw,mlx5_0,RC,1024,1,512,1,1,0,50000,0,1,64,50000,0.00,490.37,8.034209
bw_cq_mod,bw,mlx5_0,RC,1024,1,512,1,1,0,50000,0,1,128,50000,0.00,971.51,7.958638
bw_cq_mod,bw,mlx5_0,RC,1024,1,512,1,1,0,50000,0,1,256,50000,0.00,1977.87,8.101340
bw_cq_mod,bw,mlx5_0,RC,1024,1,512,1,1,0,50000,0,1,512,50000,0.00,3878.46,7.943096
bw_cq_mod,bw,mlx5_0,RC,1024,1,512,1,1,0,50000,0,1,1024,50000,0.00,7346.67,7.522990
bw_cq_mod,bw,mlx5_0,RC,1024,1,512,1,1,0,50000,0,1,2048,50000,0.00,10714.40,5.485775
bw_cq_mod,bw,mlx5_0,RC,1024,1,512,1,1,0,50000,0,1,4096,50000,0.00,11162.32,2.857554
bw_cq_mod,bw,mlx5_0,RC,1024,1,512,1,1,0,50000,0,1,8192,50000,0.00,11025.33,1.411243
bw_cq_mod,bw,mlx5_0,RC,1024,1,512,1,1,0,50000,0,1,16384,50000,0.00,11109.45,0.711005
bw_cq_mod,bw,mlx5_0,RC,1024,1,512,1,1,0,50000,0,1,32768,50000,0.00,11144.84,0.356635
bw_cq_mod,bw,mlx5_0,RC,1024,1,512,1,1,0,50000,0,1,65536,50000,0.00,11169.33,0.178709
bw_cq_mod,bw,mlx5_0,RC,1024,1,512,1,1,0,50000,0,1,2,50000,0.00,15.52,8.139549
bw_cq_mod,bw,mlx5_0,RC,1024,1,512,1,1,0,50000,0,1,4,50000,0.00,30.05,7.878355
bw_cq_mod,bw,mlx5_0,RC,1024,1,512,1,1,0,50000,0,1,8,50000,0.00,62.43,8.182391
bw_cq_mod,bw,mlx5_0,RC,1024,1,512,1,1,0,50000,0,1,16,50000,0.00,123.96,8.123841
bw_cq_mod,bw,mlx5_0,RC,1024,1,512,1,1,0,50000,0,1,32,50000,0.00,249.73,8.183164
bw_cq_mod,bw,mlx5_0,RC,1024,1,512,1,1,0,50000,0,1,64,50000,0.00,499.55,8.184645
bw_cq_mod,bw,mlx5_0,RC,1024,1,512,1,1,0,50000,0,1,128,50000,0.00,997.28,8.169710
bw_cq_mod,bw,mlx5_0,RC,1024,1,512,1,1,0,50000,0,1,256,50000,0.00,1971.89,8.076853
bw_cq_mod,bw,mlx5_0,RC,1024,1,512,1,1,0,50000,0,1,512,50000,0.00,3918.50,8.025088
bw_cq_mod,bw,mlx5_0,RC,1024,1,512,1,1,0,50000,0,1,1024,50000,0.00,7398.29,7.575847
bw_cq_mod,bw,mlx5_0,RC,1024,1,512,1,1,0,50000,0,1,2048,50000,0.00,10704.70,5.480808
bw_cq_mod,bw,mlx5_0,RC,1024,1,512,1,1,0,50000,0,1,4096,50000,0.00,10880.31,2.785360
bw_cq_mod,bw,mlx5_0,RC,1024,1,512,1,1,0,50000,0,1,8192,50000,0.00,11026.19,1.411353
bw_cq_mod,bw,mlx5_0,RC,1024,1,512,1,1,0,50000,0,1,16384,50000,0.00,11094.82,0.710069
bw_cq_mod,bw,mlx5_0,RC,1024,1,512,1,1,0,50000,0,1,32768,50000,0.00,11176.28,0.357641
bw_cq_mod,bw,mlx5_0,RC,1024,1,512,1,1,0,50000,0,1,65536,50000,0.00,11197.84,0.179165
bw_cq_mod,bw,mlx5_0,RC,1024,1,1024,1,1,0,50000,0,1,2,50000,0.00,14.78,7.746511
bw_cq_mod,bw,mlx5_0,RC,1024,1,1024,1,1,0,50000,0,1,4,50000,0.00,30.50,7.996522
bw_cq_mod,bw,mlx5_0,RC,1024,1,1024,1,1,0,50000,0,1,8,50000,0.00,61.39,8.047065
bw_cq_mod,bw,mlx5_0,RC,1024,1,1024,1,1,0,50000,0,1,16,50000,0.00,122.89,8.053476
bw_cq_mod,bw,mlx5_0,RC,1024,1,1024,1,1,0,50000,0,1,32,50000,0.00,243.85,7.990537
bw_cq_mod,bw,mlx5_0,RC,1024,1,1024,1,1,0,50000,0,1,64,50000,0.00,482.23,7.900876
bw_cq_mod,bw,mlx5_0,RC,1024,1,1024,1,1,0,50000,0,1,128,50000,0.00,980.91,8.035613
bw_cq_mod,bw,mlx5_0,RC,1024,1,1024,1,1,0,50000,0,1,256,50000,0.00,1951.05,7.991495
bw_cq_mod,bw,mlx5_0,RC,1024,1,1024,1,1,0,50000,0,1,512,50000,0.00,3810.49,7.803893
bw_cq_mod,bw,mlx5_0,RC,1024,1,1024,1,1,0,50000,0,1,1024,50000,0.00,7063.38,7.232898
bw_cq_mod,bw,mlx5_0,RC,1024,1,1024,1,1,0,50000,0,1,2048,50000,0.00,10774.07,5.516324
bw_cq_mod,bw,mlx5_0,RC,1024,1,1024,1,1,0,50000,0,1,4096,50000,0.00,10840.79,2.775241
bw_cq_mod,bw,mlx5_0,RC,1024,1,1024,1,1,0,50000,0,1,8192,50000,0.00,11043.72,1.413596
bw_cq_mod,bw,mlx5_0,RC,1024,1,1024,1,1,0,50000,0,1,16384,50000,0.00,11137.22,0.712782
bw_cq_mod,bw,mlx5_0,RC,1024,1,1024,1,1,0,50000,0,1,32768,50000,0.00,11147.50,0.356720
bw_cq_mod,bw,mlx5_0,RC,1024,1,1024,1,1,0,50000,0,1,65536,50000,0.00,11007.60,0.176122
bw_cq_mod,bw,mlx5_0,RC,1024,1,1024,1,1,0,50000,0,1,2,50000,0.00,14.95,7.835518
bw_cq_mod,bw,mlx5_0,RC,1024,1,1024,1,1,0,50000,0,1,4,50000,0.00,30.34,7.954669
bw_cq_mod,bw,mlx5_0,RC,1024,1,1024,1,1,0,50000,0,1,8,50000,0.00,61.49,8.059514
bw_cq_mod,bw,mlx5_0,RC,1024,1,1024,1,1,0,50000,0,1,16,50000,0.00,122.30,8.014778
bw_cq_mod,bw,mlx5_0,RC,1024,1,1024,1,1,0,50000,0,1,32,50000,0.00,242.91,7.959601
bw_cq_mod,bw,mlx5_0,RC,1024,1,1024,1,1,0,50000,0,1,64,50000,0.00,491.45,8.051914
bw_cq_mod,bw,mlx5_0,RC,1024,1,1024,1,1,0,50000,0,1,128,50000,0.00,980.13,8.029220
bw_cq_mod,bw,mlx5_0,RC,1024,1,1024,1,1,0,50000,0,1,256,50000,0.00,1925.39,7.886382
bw_cq_mod,bw,mlx5_0,RC,1024,1,1024,1,1,0,50000,0,1,512,50000,0.00,3808.46,7.799735
bw_cq_mod,bw,mlx5_0,RC,1024,1,1024,1,1,0,50000,0,1,1024,50000,0.00,7057.61,7.226990
bw_cq_mod,bw,mlx5_0,RC,1024,1,1024,1,1,0,50000,0,1,2048,50000,0.00,10792.35,5.525683
bw_cq_mod,bw,mlx5_0,RC,1024,1,1024,1,1,0,50000,0,1,4096,50000,0.00,10852.29,2.778187
bw_cq_mod,bw,mlx5_0,RC,1024,1,1024,1,1,0,50000,0,1,8192,50000,0.00,11040.20,1.413146
bw_cq_mod,bw,mlx5_0,RC,1024,1,1024,1,1,0,50000,0,1,16384,50000,0.00,11076.68,0.708908
bw_cq_mod,bw,mlx5_0,RC,1024,1,1024,1,1,0,50000,0,1,32768,50000,0.00,11102.59,0.355283
bw_cq_mod,bw,mlx5_0,RC,1024,1,1024,1,1,0,50000,0,1,65536,50000,0.00,10998.70,0.175979
bw_cq_mod,bw,mlx5_0,RC,1024,1,1024,1,1,0,50000,0,1,2,50000,0.00,15.15,7.943893
bw_cq_mod,bw,mlx5_0,RC,1024,1,1024,1,1,0,50000,0,1,4,50000,0.00,30.72,8.053437
bw_cq_mod,bw,mlx5_0,RC,1024,1,1024,1,1,0,50000,0,1,8,50000,0.00,61.54,8.066080
bw_cq_mod,bw,mlx5_0,RC,1024,1,1024,1,1,0,50000,0,1,16,50000,0.00,122.14,8.004876
bw_cq_mod,bw,mlx5_0,RC,1024,1,1024,1,1,0,50000,0,1,32,50000,0.00,204.13,6.688959
bw_cq_mod,bw,mlx5_0,RC,1024,1,1024,1,1,0,50000,0,1,64,50000,0.00,475.27,7.786752
bw_cq_mod,bw,mlx5_0,RC,1024,1,1024,1,1,0,50000,0,1,128,50000,0.00,981.96,8.044255
bw_cq_mod,bw,mlx5_0,RC,1024,1,1024,1,1,0,50000,0,1,256,50000,0.00,1939.75,7.945227
bw_cq_mod,bw,mlx5_0,RC,1024,1,1024,1,1,0,50000,0,1,512,50000,0.00,3826.76,7.837203
bw_cq_mod,bw,mlx5_0,RC,1024,1,1024,1,1,0,50000,0,1,1024,50000,0.00,7090.68,7.260861
bw_cq_mod,bw,mlx5_0,RC,1024,1,1024,1,1,0,50000,0,1,2048,50000,0.00,10745.78,5.501837
bw_cq_mod,bw,mlx5_0,RC,1024,1,1024,1,1,0,50000,0,1,4096,50000,0.00,10882.44,2.785905
bw_cq_mod,bw,mlx5_0,RC,1024,1,1024,1,1,0,50000,0,1,8192,50000,0.00,11089.29,1.419430
bw_cq_mod,bw,mlx5_0,RC,1024,1,1024,1,1,0,50000,0,1,16384,50000,0.00,11092.67,0.709931
bw_cq_mod,bw,mlx5_0,RC,1024,1,1024,1,1,0,50000,0,1,32768,50000,0.00,11111.11,0.355556
bw_cq_mod,bw,mlx5_0,RC,1024,1,1024,1,1,0,50000,0,1,65536,50000,0.00,11017.16,0.176275
