timestamp,experiment_name,provider,endpoint,node_type,batch_size,thread_count,operation_type,message_size,ops_psec,tx_pkts_psec,rx_pkts_psec,tx_bw_mbps,rx_bw_mbps,app_bw_mbps,latency_usec
1,batch,efa,rdm,server,64,1,send,1,1077855.00,1078483.00,1.00,10.07,0.00,1.08,0.93
2,batch,efa,rdm,server,64,1,send,1,1092419.00,1092741.00,0.50,10.02,0.00,1.09,0.92
3,batch,efa,rdm,server,64,1,send,1,1097211.33,1097420.33,0.33,10.00,0.00,1.10,0.91
4,batch,efa,rdm,server,64,1,send,1,1099694.25,1099852.75,0.25,9.99,0.00,1.10,0.91
5,batch,efa,rdm,server,64,1,send,1,1101119.60,1101244.60,0.20,9.98,0.00,1.10,0.91
6,batch,efa,rdm,server,64,1,send,1,1102076.50,1102180.50,0.17,9.98,0.00,1.10,0.91
7,batch,efa,rdm,server,64,1,send,1,1102739.57,1102827.14,0.14,9.98,0.00,1.10,0.91
8,batch,efa,rdm,server,64,1,send,1,1103256.25,1103335.88,0.12,9.98,0.00,1.10,0.91
9,batch,efa,rdm,server,64,1,send,1,1103631.33,1103707.44,0.11,9.97,0.00,1.10,0.91
10,batch,efa,rdm,server,64,1,send,1,1103407.10,1103494.80,0.10,9.97,0.00,1.10,0.91
1,batch,efa,rdm,server,64,1,send,2,1086709.00,1087384.00,1.00,11.24,0.00,2.17,0.92
2,batch,efa,rdm,server,64,1,send,2,1100964.50,1101324.00,0.50,11.19,0.00,2.20,0.91
3,batch,efa,rdm,server,64,1,send,2,1105452.00,1105691.00,0.33,11.18,0.00,2.21,0.90
4,batch,efa,rdm,server,64,1,send,2,1107672.00,1107854.00,0.25,11.17,0.00,2.22,0.90
5,batch,efa,rdm,server,64,1,send,2,1109201.40,1109342.60,0.20,11.17,0.00,2.22,0.90
6,batch,efa,rdm,server,64,1,send,2,1110202.17,1110321.83,0.17,11.16,0.00,2.22,0.90
7,batch,efa,rdm,server,64,1,send,2,1110902.57,1111005.14,0.14,11.16,0.00,2.22,0.90
8,batch,efa,rdm,server,64,1,send,2,1111500.62,1111591.25,0.12,11.16,0.00,2.22,0.90
9,batch,efa,rdm,server,64,1,send,2,1112014.67,1112091.56,0.11,11.16,0.00,2.22,0.90
10,batch,efa,rdm,server,64,1,send,2,1111932.00,1112023.00,0.10,11.16,0.00,2.22,0.90
1,batch,efa,rdm,server,64,1,send,4,1063926.00,1064679.00,1.00,13.14,0.00,4.26,0.94
2,batch,efa,rdm,server,64,1,send,4,1077686.00,1078067.50,0.50,13.12,0.00,4.31,0.93
3,batch,efa,rdm,server,64,1,send,4,1082306.00,1082560.00,0.33,13.11,0.00,4.33,0.92
4,batch,efa,rdm,server,64,1,send,4,1085002.25,1085193.75,0.25,13.11,0.00,4.34,0.92
5,batch,efa,rdm,server,64,1,send,4,1086373.20,1086525.00,0.20,13.11,0.00,4.35,0.92
6,batch,efa,rdm,server,64,1,send,4,1087265.67,1087393.17,0.17,13.11,0.00,4.35,0.92
7,batch,efa,rdm,server,64,1,send,4,1087947.43,1088057.14,0.14,13.11,0.00,4.35,0.92
8,batch,efa,rdm,server,64,1,send,4,1088536.38,1088631.50,0.12,13.11,0.00,4.35,0.92
9,batch,efa,rdm,server,64,1,send,4,1088905.00,1088989.44,0.11,13.11,0.00,4.36,0.92
10,batch,efa,rdm,server,64,1,send,4,1088769.20,1088863.00,0.10,13.10,0.00,4.36,0.92
1,batch,efa,rdm,server,64,1,send,8,1073598.00,1074233.00,1.00,17.55,0.00,8.59,0.93
2,batch,efa,rdm,server,64,1,send,8,1087207.00,1087530.50,0.50,17.58,0.00,8.70,0.92
3,batch,efa,rdm,server,64,1,send,8,1093820.33,1094034.33,0.33,17.63,0.00,8.75,0.91
4,batch,efa,rdm,server,64,1,send,8,1096704.00,1096865.25,0.25,17.64,0.00,8.77,0.91
5,batch,efa,rdm,server,64,1,send,8,1098860.60,1098990.60,0.20,17.66,0.00,8.79,0.91
6,batch,efa,rdm,server,64,1,send,8,1099721.00,1099827.83,0.17,17.66,0.00,8.80,0.91
7,batch,efa,rdm,server,64,1,send,8,1099758.00,1099849.57,0.14,17.65,0.00,8.80,0.91
8,batch,efa,rdm,server,64,1,send,8,1099046.88,1099127.62,0.12,17.63,0.00,8.79,0.91
9,batch,efa,rdm,server,64,1,send,8,1099610.00,1099682.44,0.11,17.64,0.00,8.80,0.91
10,batch,efa,rdm,server,64,1,send,8,1098865.30,1098947.20,0.10,17.62,0.00,8.79,0.91
1,batch,efa,rdm,server,64,1,send,16,1069742.00,1070384.00,1.00,26.05,0.00,17.12,0.93
2,batch,efa,rdm,server,64,1,send,16,1087756.50,1088078.00,0.50,26.29,0.00,17.40,0.92
3,batch,efa,rdm,server,64,1,send,16,1093658.33,1093872.67,0.33,26.37,0.00,17.50,0.91
4,batch,efa,rdm,server,64,1,send,16,1096648.50,1096810.25,0.25,26.41,0.00,17.55,0.91
5,batch,efa,rdm,server,64,1,send,16,1098420.40,1098550.40,0.20,26.44,0.00,17.57,0.91
6,batch,efa,rdm,server,64,1,send,16,1099685.17,1099792.17,0.17,26.46,0.00,17.59,0.91
7,batch,efa,rdm,server,64,1,send,16,1100463.29,1100554.29,0.14,26.46,0.00,17.61,0.91
8,batch,efa,rdm,server,64,1,send,16,1101084.50,1101165.38,0.12,26.47,0.00,17.62,0.91
9,batch,efa,rdm,server,64,1,send,16,1101536.22,1101607.78,0.11,26.48,0.00,17.62,0.91
10,batch,efa,rdm,server,64,1,send,16,1101485.70,1101567.60,0.10,26.47,0.00,17.62,0.91
1,batch,efa,rdm,server,64,1,send,32,1069796.00,1070386.00,1.00,43.18,0.00,34.23,0.93
2,batch,efa,rdm,server,64,1,send,32,1084626.00,1084926.50,0.50,43.58,0.00,34.71,0.92
3,batch,efa,rdm,server,64,1,send,32,1088533.00,1088736.00,0.33,43.67,0.00,34.83,0.92
4,batch,efa,rdm,server,64,1,send,32,1090349.50,1090500.50,0.25,43.71,0.00,34.89,0.92
5,batch,efa,rdm,server,64,1,send,32,1091163.60,1091285.00,0.20,43.72,0.00,34.92,0.92
6,batch,efa,rdm,server,64,1,send,32,1092063.50,1092164.83,0.17,43.75,0.00,34.95,0.92
7,batch,efa,rdm,server,64,1,send,32,1092422.43,1092509.00,0.14,43.75,0.00,34.96,0.92
8,batch,efa,rdm,server,64,1,send,32,1092772.38,1092848.62,0.12,43.76,0.00,34.97,0.92
9,batch,efa,rdm,server,64,1,send,32,1093103.00,1093171.22,0.11,43.77,0.00,34.98,0.91
10,batch,efa,rdm,server,64,1,send,32,1092937.30,1093015.30,0.10,43.76,0.00,34.97,0.91
1,batch,efa,rdm,server,64,1,send,64,1070236.00,1071037.00,1.00,77.48,0.00,68.50,0.93
2,batch,efa,rdm,server,64,1,send,64,1084675.00,1085080.00,0.50,78.31,0.00,69.42,0.92
3,batch,efa,rdm,server,64,1,send,64,1089581.33,1089851.67,0.33,78.59,0.00,69.73,0.92
4,batch,efa,rdm,server,64,1,send,64,1091764.50,1091967.00,0.25,78.71,0.00,69.87,0.92
5,batch,efa,rdm,server,64,1,send,64,1092974.80,1093137.20,0.20,78.78,0.00,69.95,0.91
6,batch,efa,rdm,server,64,1,send,64,1093618.83,1093761.50,0.17,78.81,0.00,69.99,0.91
7,batch,efa,rdm,server,64,1,send,64,1094389.71,1094510.57,0.14,78.86,0.00,70.04,0.91
8,batch,efa,rdm,server,64,1,send,64,1094840.62,1094947.25,0.12,78.88,0.00,70.07,0.91
9,batch,efa,rdm,server,64,1,send,64,1095238.67,1095333.67,0.11,78.90,0.00,70.10,0.91
10,batch,efa,rdm,server,64,1,send,64,1095228.20,1095326.60,0.10,78.90,0.00,70.09,0.91
1,batch,efa,rdm,server,64,1,send,128,1063763.00,1064385.00,1.00,145.12,0.00,136.16,0.94
2,batch,efa,rdm,server,64,1,send,128,1077488.50,1077811.50,0.50,146.76,0.00,137.92,0.93
3,batch,efa,rdm,server,64,1,send,128,1082200.00,1082413.33,0.33,147.33,0.00,138.52,0.92
4,batch,efa,rdm,server,64,1,send,128,1088015.50,1088177.00,0.25,148.08,0.00,139.27,0.92
5,batch,efa,rdm,server,64,1,send,128,1091583.60,1091713.00,0.20,148.55,0.00,139.72,0.92
6,batch,efa,rdm,server,64,1,send,128,1093917.83,1094026.67,0.17,148.85,0.00,140.02,0.91
7,batch,efa,rdm,server,64,1,send,128,1095706.00,1095797.86,0.14,149.08,0.00,140.25,0.91
8,batch,efa,rdm,server,64,1,send,128,1096961.62,1097041.62,0.12,149.24,0.00,140.41,0.91
9,batch,efa,rdm,server,64,1,send,128,1097891.78,1097963.56,0.11,149.36,0.00,140.53,0.91
10,batch,efa,rdm,server,64,1,send,128,1098180.60,1098262.50,0.10,149.40,0.00,140.57,0.91
1,batch,efa,rdm,server,64,1,send,256,1081895.00,1082472.00,1.00,286.13,0.00,276.97,0.92
2,batch,efa,rdm,server,64,1,send,256,1094544.50,1094841.00,0.50,289.22,0.00,280.20,0.91
3,batch,efa,rdm,server,64,1,send,256,1099744.67,1099942.67,0.33,290.51,0.00,281.53,0.91
4,batch,efa,rdm,server,64,1,send,256,1101908.50,1102056.75,0.25,291.03,0.00,282.09,0.91
5,batch,efa,rdm,server,64,1,send,256,1103366.40,1103487.40,0.20,291.39,0.00,282.46,0.91
6,batch,efa,rdm,server,64,1,send,256,1104164.33,1104263.50,0.17,291.59,0.00,282.67,0.91
7,batch,efa,rdm,server,64,1,send,256,1105118.29,1105203.71,0.14,291.83,0.00,282.91,0.90
8,batch,efa,rdm,server,64,1,send,256,1105808.25,1105883.25,0.12,292.00,0.00,283.09,0.90
9,batch,efa,rdm,server,64,1,send,256,1106230.11,1106296.56,0.11,292.10,0.00,283.19,0.90
10,batch,efa,rdm,server,64,1,send,256,1106182.90,1106260.20,0.10,292.09,0.00,283.18,0.90
1,batch,efa,rdm,server,64,1,send,512,1062933.00,1063624.00,1.00,553.45,0.00,544.22,0.94
2,batch,efa,rdm,server,64,1,send,512,1076835.00,1077186.00,0.50,560.32,0.00,551.34,0.93
3,batch,efa,rdm,server,64,1,send,512,1081359.33,1081595.00,0.33,562.55,0.00,553.66,0.92
4,batch,efa,rdm,server,64,1,send,512,1083685.75,1083861.00,0.25,563.70,0.00,554.85,0.92
5,batch,efa,rdm,server,64,1,send,512,1085017.80,1085159.60,0.20,564.36,0.00,555.53,0.92
6,batch,efa,rdm,server,64,1,send,512,1085851.17,1085971.83,0.17,564.77,0.00,555.96,0.92
7,batch,efa,rdm,server,64,1,send,512,1086530.71,1086631.57,0.14,565.10,0.00,556.30,0.92
8,batch,efa,rdm,server,64,1,send,512,1087119.12,1087207.00,0.12,565.39,0.00,556.60,0.92
9,batch,efa,rdm,server,64,1,send,512,1087392.33,1087470.33,0.11,565.52,0.00,556.74,0.92
10,batch,efa,rdm,server,64,1,send,512,1087246.90,1087334.70,0.10,565.45,0.00,556.67,0.92
1,batch,efa,rdm,server,64,1,send,1024,1087688.00,1088435.00,1.00,1123.63,0.00,1113.79,0.92
2,batch,efa,rdm,server,64,1,send,1024,1102292.50,1102666.00,0.50,1138.13,0.00,1128.75,0.91
3,batch,efa,rdm,server,64,1,send,1024,1106246.33,1106497.67,0.33,1142.03,0.00,1132.80,0.90
4,batch,efa,rdm,server,64,1,send,1024,1108087.00,1108278.50,0.25,1143.83,0.00,1134.68,0.90
5,batch,efa,rdm,server,64,1,send,1024,1109264.80,1109419.40,0.20,1144.99,0.00,1135.89,0.90
6,batch,efa,rdm,server,64,1,send,1024,1110121.33,1110249.50,0.17,1145.84,0.00,1136.76,0.90
7,batch,efa,rdm,server,64,1,send,1024,1110825.29,1110934.29,0.14,1146.54,0.00,1137.49,0.90
8,batch,efa,rdm,server,64,1,send,1024,1111260.88,1111356.62,0.12,1146.97,0.00,1137.93,0.90
9,batch,efa,rdm,server,64,1,send,1024,1111586.67,1111672.11,0.11,1147.29,0.00,1138.26,0.90
10,batch,efa,rdm,server,64,1,send,1024,1111337.30,1111433.20,0.10,1147.04,0.00,1138.01,0.90
1,batch,efa,rdm,server,64,1,send,2048,1070565.00,1071401.00,1.00,2203.16,0.00,2192.52,0.93
2,batch,efa,rdm,server,64,1,send,2048,1086055.50,1086482.00,0.50,2233.99,0.00,2224.24,0.92
3,batch,efa,rdm,server,64,1,send,2048,1091183.67,1091473.00,0.33,2244.19,0.00,2234.74,0.92
4,batch,efa,rdm,server,64,1,send,2048,1093884.75,1094100.25,0.25,2249.56,0.00,2240.28,0.91
5,batch,efa,rdm,server,64,1,send,2048,1095568.40,1095738.40,0.20,2252.91,0.00,2243.72,0.91
6,batch,efa,rdm,server,64,1,send,2048,1096564.33,1096705.67,0.17,2254.89,0.00,2245.76,0.91
7,batch,efa,rdm,server,64,1,send,2048,1097290.00,1097412.71,0.14,2256.33,0.00,2247.25,0.91
8,batch,efa,rdm,server,64,1,send,2048,1097855.25,1097962.75,0.12,2257.46,0.00,2248.41,0.91
9,batch,efa,rdm,server,64,1,send,2048,1098240.67,1098334.11,0.11,2258.21,0.00,2249.20,0.91
10,batch,efa,rdm,server,64,1,send,2048,1098193.70,1098298.40,0.10,2258.14,0.00,2249.10,0.91
1,batch,efa,rdm,server,64,1,send,4096,1000851.00,1002133.00,1.00,4113.11,0.00,4099.49,1.00
2,batch,efa,rdm,server,64,1,send,4096,1017533.50,1018267.00,0.50,4179.15,0.00,4167.82,0.98
3,batch,efa,rdm,server,64,1,send,4096,1024970.67,1025481.67,0.33,4208.70,0.00,4198.28,0.98
4,batch,efa,rdm,server,64,1,send,4096,1028389.50,1028798.00,0.25,4222.28,0.00,4212.28,0.97
5,batch,efa,rdm,server,64,1,send,4096,1031264.40,1031599.80,0.20,4233.76,0.00,4224.06,0.97
6,batch,efa,rdm,server,64,1,send,4096,1032924.17,1033217.83,0.17,4240.39,0.00,4230.86,0.97
7,batch,efa,rdm,server,64,1,send,4096,1034137.86,1034394.71,0.14,4245.21,0.00,4235.83,0.97
8,batch,efa,rdm,server,64,1,send,4096,1035086.00,1035318.25,0.12,4248.99,0.00,4239.71,0.97
9,batch,efa,rdm,server,64,1,send,4096,1035700.00,1035914.67,0.11,4251.43,0.00,4242.23,0.97
10,batch,efa,rdm,server,64,1,send,4096,1035938.70,1036157.40,0.10,4252.43,0.00,4243.20,0.97
1,batch,efa,rdm,server,64,1,send,8192,593291.00,599159.00,1.00,4913.45,0.00,4860.24,1.69
2,batch,efa,rdm,server,64,1,send,8192,600711.00,606301.50,0.50,4971.84,0.00,4921.02,1.66
3,batch,efa,rdm,server,64,1,send,8192,603222.67,608733.00,0.33,4991.72,0.00,4941.60,1.66
4,batch,efa,rdm,server,64,1,send,8192,604867.75,610165.00,0.25,5003.44,0.00,4955.08,1.65
5,batch,efa,rdm,server,64,1,send,8192,605530.60,610901.00,0.20,5009.46,0.00,4960.51,1.65
6,batch,efa,rdm,server,64,1,send,8192,606225.67,611514.83,0.17,5014.48,0.00,4966.20,1.65
7,batch,efa,rdm,server,64,1,send,8192,606498.86,611836.00,0.14,5017.10,0.00,4968.44,1.65
8,batch,efa,rdm,server,64,1,send,8192,606722.88,612064.75,0.12,5018.97,0.00,4970.27,1.65
9,batch,efa,rdm,server,64,1,send,8192,608375.89,613550.11,0.11,5031.15,0.00,4983.82,1.64
1,batch,efa,rdm,server,128,1,send,1,1651856.00,1655992.00,1.00,15.31,0.00,1.65,0.61
2,batch,efa,rdm,server,128,1,send,1,1680710.00,1682780.00,0.50,15.35,0.00,1.68,0.59
3,batch,efa,rdm,server,128,1,send,1,1690999.67,1692378.33,0.33,15.37,0.00,1.69,0.59
4,batch,efa,rdm,server,128,1,send,1,1696175.00,1697218.75,0.25,15.38,0.00,1.70,0.59
5,batch,efa,rdm,server,128,1,send,1,1698522.80,1699354.60,0.20,15.38,0.00,1.70,0.59
6,batch,efa,rdm,server,128,1,send,1,1700218.83,1700913.50,0.17,15.38,0.00,1.70,0.59
7,batch,efa,rdm,server,128,1,send,1,1701238.29,1701832.29,0.14,15.38,0.00,1.70,0.59
8,batch,efa,rdm,server,128,1,send,1,1702293.62,1702815.12,0.12,15.38,0.00,1.70,0.59
9,batch,efa,rdm,server,128,1,send,1,1702708.44,1703170.22,0.11,15.37,0.00,1.70,0.59
10,batch,efa,rdm,server,128,1,send,1,1702420.90,1702867.70,0.10,15.37,0.00,1.70,0.59
1,batch,efa,rdm,server,128,1,send,2,1650078.00,1653985.00,1.00,16.95,0.00,3.30,0.61
2,batch,efa,rdm,server,128,1,send,2,1678832.00,1680811.50,0.50,17.01,0.00,3.36,0.60
3,batch,efa,rdm,server,128,1,send,2,1689360.33,1690672.67,0.33,17.04,0.00,3.38,0.59
4,batch,efa,rdm,server,128,1,send,2,1694813.25,1695797.75,0.25,17.06,0.00,3.39,0.59
5,batch,efa,rdm,server,128,1,send,2,1697791.40,1698582.80,0.20,17.07,0.00,3.40,0.59
6,batch,efa,rdm,server,128,1,send,2,1699626.33,1700282.17,0.17,17.07,0.00,3.40,0.59
7,batch,efa,rdm,server,128,1,send,2,1701089.14,1701649.43,0.14,17.08,0.00,3.40,0.59
8,batch,efa,rdm,server,128,1,send,2,1701966.62,1702456.62,0.12,17.08,0.00,3.40,0.59
9,batch,efa,rdm,server,128,1,send,2,1702939.67,1703377.78,0.11,17.08,0.00,3.41,0.59
10,batch,efa,rdm,server,128,1,send,2,1703118.30,1703542.80,0.10,17.08,0.00,3.41,0.59
1,batch,efa,rdm,server,128,1,send,4,1646174.00,1650998.00,1.00,20.22,0.00,6.58,0.61
2,batch,efa,rdm,server,128,1,send,4,1675894.50,1678309.50,0.50,20.34,0.00,6.70,0.60
3,batch,efa,rdm,server,128,1,send,4,1685774.33,1687388.33,0.33,20.39,0.00,6.74,0.59
4,batch,efa,rdm,server,128,1,send,4,1690682.50,1691889.25,0.25,20.41,0.00,6.76,0.59
5,batch,efa,rdm,server,128,1,send,4,1693761.80,1694727.40,0.20,20.42,0.00,6.78,0.59
6,batch,efa,rdm,server,128,1,send,4,1695579.33,1696384.00,0.17,20.42,0.00,6.78,0.59
7,batch,efa,rdm,server,128,1,send,4,1697017.43,1697706.43,0.14,20.43,0.00,6.79,0.59
8,batch,efa,rdm,server,128,1,send,4,1698043.62,1698647.25,0.12,20.43,0.00,6.79,0.59
9,batch,efa,rdm,server,128,1,send,4,1698929.00,1699466.89,0.11,20.44,0.00,6.80,0.59
10,batch,efa,rdm,server,128,1,send,4,1698890.80,1699404.40,0.10,20.43,0.00,6.80,0.59
1,batch,efa,rdm,server,128,1,send,8,1640618.00,1644746.00,1.00,26.73,0.00,13.12,0.61
2,batch,efa,rdm,server,128,1,send,8,1668815.50,1670824.00,0.50,26.94,0.00,13.35,0.60
3,batch,efa,rdm,server,128,1,send,8,1678576.67,1679956.33,0.33,27.02,0.00,13.43,0.60
4,batch,efa,rdm,server,128,1,send,8,1683142.25,1684159.50,0.25,27.05,0.00,13.47,0.59
5,batch,efa,rdm,server,128,1,send,8,1686158.20,1686973.40,0.20,27.07,0.00,13.49,0.59
6,batch,efa,rdm,server,128,1,send,8,1687904.33,1688576.83,0.17,27.09,0.00,13.50,0.59
7,batch,efa,rdm,server,128,1,send,8,1689349.14,1689929.57,0.14,27.10,0.00,13.51,0.59
8,batch,efa,rdm,server,128,1,send,8,1690535.50,1691045.12,0.12,27.11,0.00,13.52,0.59
9,batch,efa,rdm,server,128,1,send,8,1691305.11,1691756.22,0.11,27.11,0.00,13.53,0.59
10,batch,efa,rdm,server,128,1,send,8,1691317.70,1691754.70,0.10,27.11,0.00,13.53,0.59
1,batch,efa,rdm,server,128,1,send,16,1644643.00,1647960.00,1.00,39.96,0.00,26.31,0.61
2,batch,efa,rdm,server,128,1,send,16,1672079.50,1673703.00,0.50,40.37,0.00,26.75,0.60
3,batch,efa,rdm,server,128,1,send,16,1681312.00,1682400.33,0.33,40.51,0.00,26.90,0.59
4,batch,efa,rdm,server,128,1,send,16,1685822.75,1686640.25,0.25,40.58,0.00,26.97,0.59
5,batch,efa,rdm,server,128,1,send,16,1688677.60,1689330.80,0.20,40.63,0.00,27.02,0.59
6,batch,efa,rdm,server,128,1,send,16,1690675.00,1691217.50,0.17,40.66,0.00,27.05,0.59
7,batch,efa,rdm,server,128,1,send,16,1691886.00,1692353.71,0.14,40.68,0.00,27.07,0.59
8,batch,efa,rdm,server,128,1,send,16,1692932.25,1693339.50,0.12,40.69,0.00,27.09,0.59
9,batch,efa,rdm,server,128,1,send,16,1693665.78,1694028.44,0.11,40.70,0.00,27.10,0.59
10,batch,efa,rdm,server,128,1,send,16,1693754.70,1694112.10,0.10,40.70,0.00,27.10,0.59
1,batch,efa,rdm,server,128,1,send,32,1664370.00,1667428.00,1.00,67.11,0.00,53.26,0.60
2,batch,efa,rdm,server,128,1,send,32,1693678.50,1695208.00,0.50,68.01,0.00,54.20,0.59
3,batch,efa,rdm,server,128,1,send,32,1702638.00,1703658.00,0.33,68.28,0.00,54.48,0.59
4,batch,efa,rdm,server,128,1,send,32,1707065.25,1707833.00,0.25,68.42,0.00,54.63,0.59
5,batch,efa,rdm,server,128,1,send,32,1709332.60,1709944.80,0.20,68.48,0.00,54.70,0.59
6,batch,efa,rdm,server,128,1,send,32,1710641.00,1711152.83,0.17,68.51,0.00,54.74,0.58
7,batch,efa,rdm,server,128,1,send,32,1711482.43,1711917.29,0.14,68.54,0.00,54.77,0.58
8,batch,efa,rdm,server,128,1,send,32,1712241.50,1712625.88,0.12,68.56,0.00,54.79,0.58
9,batch,efa,rdm,server,128,1,send,32,1713002.44,1713343.56,0.11,68.58,0.00,54.82,0.58
10,batch,efa,rdm,server,128,1,send,32,1712807.90,1713145.40,0.10,68.57,0.00,54.81,0.58
1,batch,efa,rdm,server,128,1,send,64,1642413.00,1645209.00,1.00,118.86,0.00,105.11,0.61
2,batch,efa,rdm,server,128,1,send,64,1670012.50,1671464.00,0.50,120.55,0.00,106.88,0.60
3,batch,efa,rdm,server,128,1,send,64,1678855.67,1679837.67,0.33,121.08,0.00,107.45,0.60
4,batch,efa,rdm,server,128,1,send,64,1683815.00,1684552.75,0.25,121.39,0.00,107.76,0.59
5,batch,efa,rdm,server,128,1,send,64,1686657.80,1687247.00,0.20,121.56,0.00,107.95,0.59
6,batch,efa,rdm,server,128,1,send,64,1688489.33,1688995.50,0.17,121.68,0.00,108.06,0.59
7,batch,efa,rdm,server,128,1,send,64,1689871.14,1690293.71,0.14,121.76,0.00,108.15,0.59
8,batch,efa,rdm,server,128,1,send,64,1690970.12,1691349.50,0.12,121.83,0.00,108.22,0.59
9,batch,efa,rdm,server,128,1,send,64,1691771.67,1692100.56,0.11,121.88,0.00,108.27,0.59
10,batch,efa,rdm,server,128,1,send,64,1691652.20,1691978.90,0.10,121.86,0.00,108.27,0.59
1,batch,efa,rdm,server,128,1,send,128,1607785.00,1611247.00,1.00,219.54,0.00,205.80,0.62
2,batch,efa,rdm,server,128,1,send,128,1635139.50,1637108.00,0.50,222.85,0.00,209.30,0.61
3,batch,efa,rdm,server,128,1,send,128,1644399.67,1645875.33,0.33,223.98,0.00,210.48,0.61
4,batch,efa,rdm,server,128,1,send,128,1649065.50,1650342.75,0.25,224.55,0.00,211.08,0.61
5,batch,efa,rdm,server,128,1,send,128,1652096.20,1653231.20,0.20,224.92,0.00,211.47,0.61
6,batch,efa,rdm,server,128,1,send,128,1654078.00,1655134.33,0.17,225.17,0.00,211.72,0.60
7,batch,efa,rdm,server,128,1,send,128,1655530.86,1656518.00,0.14,225.34,0.00,211.91,0.60
8,batch,efa,rdm,server,128,1,send,128,1656528.88,1657450.88,0.12,225.46,0.00,212.04,0.60
9,batch,efa,rdm,server,128,1,send,128,1657350.67,1658231.33,0.11,225.56,0.00,212.14,0.60
10,batch,efa,rdm,server,128,1,send,128,1657414.80,1658296.00,0.10,225.57,0.00,212.15,0.60
1,batch,efa,rdm,server,128,1,send,256,1570830.00,1577133.00,1.00,416.77,0.00,402.13,0.64
2,batch,efa,rdm,server,128,1,send,256,1600409.00,1604379.50,0.50,423.76,0.00,409.70,0.62
3,batch,efa,rdm,server,128,1,send,256,1610465.67,1613600.00,0.33,426.13,0.00,412.28,0.62
4,batch,efa,rdm,server,128,1,send,256,1615488.75,1618229.75,0.25,427.31,0.00,413.57,0.62
5,batch,efa,rdm,server,128,1,send,256,1618398.60,1620927.60,0.20,428.01,0.00,414.31,0.62
6,batch,efa,rdm,server,128,1,send,256,1620617.83,1622940.17,0.17,428.52,0.00,414.88,0.62
7,batch,efa,rdm,server,128,1,send,256,1622107.71,1624294.57,0.14,428.87,0.00,415.26,0.62
8,batch,efa,rdm,server,128,1,send,256,1623215.12,1625299.38,0.12,429.13,0.00,415.54,0.62
9,batch,efa,rdm,server,128,1,send,256,1624015.33,1626006.78,0.11,429.31,0.00,415.75,0.62
10,batch,efa,rdm,server,128,1,send,256,1624111.80,1626070.50,0.10,429.32,0.00,415.77,0.62
1,batch,efa,rdm,server,128,1,send,512,1512760.00,1522555.00,1.00,792.14,0.00,774.53,0.66
2,batch,efa,rdm,server,128,1,send,512,1541604.00,1548617.50,0.50,805.49,0.00,789.30,0.65
3,batch,efa,rdm,server,128,1,send,512,1550901.33,1557119.67,0.33,809.84,0.00,794.06,0.64
4,batch,efa,rdm,server,128,1,send,512,1555420.25,1561223.75,0.25,811.94,0.00,796.38,0.64
5,batch,efa,rdm,server,128,1,send,512,1558031.00,1563595.40,0.20,813.15,0.00,797.71,0.64
6,batch,efa,rdm,server,128,1,send,512,1559857.83,1565252.67,0.17,814.00,0.00,798.65,0.64
7,batch,efa,rdm,server,128,1,send,512,1561077.14,1566397.57,0.14,814.59,0.00,799.27,0.64
8,batch,efa,rdm,server,128,1,send,512,1561836.12,1567150.38,0.12,814.97,0.00,799.66,0.64
9,batch,efa,rdm,server,128,1,send,512,1562330.22,1567601.44,0.11,815.20,0.00,799.91,0.64
10,batch,efa,rdm,server,128,1,send,512,1562141.80,1567431.20,0.10,815.11,0.00,799.82,0.64
1,batch,efa,rdm,server,128,1,send,1024,1427623.00,1434929.00,1.00,1481.25,0.00,1461.89,0.70
2,batch,efa,rdm,server,128,1,send,1024,1451523.50,1456632.00,0.50,1503.45,0.00,1486.36,0.69
3,batch,efa,rdm,server,128,1,send,1024,1457772.00,1462368.33,0.33,1509.30,0.00,1492.76,0.69
4,batch,efa,rdm,server,128,1,send,1024,1460812.50,1465173.25,0.25,1512.16,0.00,1495.87,0.68
5,batch,efa,rdm,server,128,1,send,1024,1462002.00,1466272.20,0.20,1513.27,0.00,1497.09,0.68
6,batch,efa,rdm,server,128,1,send,1024,1462526.50,1466703.17,0.17,1513.70,0.00,1497.63,0.68
7,batch,efa,rdm,server,128,1,send,1024,1462820.14,1466932.43,0.14,1513.93,0.00,1497.93,0.68
8,batch,efa,rdm,server,128,1,send,1024,1463010.50,1467086.75,0.12,1514.08,0.00,1498.12,0.68
9,batch,efa,rdm,server,128,1,send,1024,1462644.22,1466767.11,0.11,1513.75,0.00,1497.75,0.68
10,batch,efa,rdm,server,128,1,send,1024,1461738.40,1465942.00,0.10,1512.89,0.00,1496.82,0.68
1,batch,efa,rdm,server,128,1,send,2048,1147871.00,1209695.00,1.00,2487.54,0.00,2350.84,0.87
2,batch,efa,rdm,server,128,1,send,2048,1168684.00,1228300.00,0.50,2525.59,0.00,2393.46,0.86
3,batch,efa,rdm,server,128,1,send,2048,1175306.00,1234332.33,0.33,2537.92,0.00,2407.03,0.85
4,batch,efa,rdm,server,128,1,send,2048,1177981.00,1236961.75,0.25,2543.29,0.00,2412.51,0.85
5,batch,efa,rdm,server,128,1,send,2048,1179303.60,1238434.20,0.20,2546.30,0.00,2415.21,0.85
6,batch,efa,rdm,server,128,1,send,2048,1180545.33,1239581.33,0.17,2548.65,0.00,2417.76,0.85
7,batch,efa,rdm,server,128,1,send,2048,1181431.29,1240447.71,0.14,2550.42,0.00,2419.57,0.85
8,batch,efa,rdm,server,128,1,send,2048,1182018.75,1240871.00,0.12,2551.28,0.00,2420.77,0.85
9,batch,efa,rdm,server,128,1,send,2048,1182528.78,1241153.89,0.11,2551.86,0.00,2421.82,0.85
10,batch,efa,rdm,server,128,1,send,2048,1182411.30,1241031.50,0.10,2551.60,0.00,2421.58,0.85
1,batch,efa,rdm,server,128,1,send,4096,882968.00,994285.00,1.00,4080.95,0.00,3616.64,1.13
2,batch,efa,rdm,server,128,1,send,4096,896540.00,1008240.00,0.50,4138.02,0.00,3672.23,1.12
3,batch,efa,rdm,server,128,1,send,4096,901137.33,1013239.67,0.33,4158.47,0.00,3691.06,1.11
4,batch,efa,rdm,server,128,1,send,4096,903107.25,1015428.50,0.25,4167.42,0.00,3699.13,1.11
5,batch,efa,rdm,server,128,1,send,4096,904293.60,1016648.40,0.20,4172.41,0.00,3703.99,1.11
6,batch,efa,rdm,server,128,1,send,4096,905056.17,1017517.00,0.17,4175.96,0.00,3707.11,1.10
7,batch,efa,rdm,server,128,1,send,4096,905581.14,1018123.86,0.14,4178.44,0.00,3709.26,1.10
8,batch,efa,rdm,server,128,1,send,4096,905924.75,1018498.88,0.12,4179.97,0.00,3710.67,1.10
9,batch,efa,rdm,server,128,1,send,4096,906052.00,1018794.33,0.11,4181.18,0.00,3711.19,1.10
10,batch,efa,rdm,server,128,1,send,4096,905690.40,1018547.00,0.10,4180.16,0.00,3709.71,1.10
1,batch,efa,rdm,server,128,1,send,8192,561117.00,656147.00,1.00,5380.80,0.00,4596.67,1.78
2,batch,efa,rdm,server,128,1,send,8192,567403.00,663243.00,0.50,5438.79,0.00,4648.17,1.76
3,batch,efa,rdm,server,128,1,send,8192,570861.00,666484.67,0.33,5465.31,0.00,4676.49,1.75
4,batch,efa,rdm,server,128,1,send,8192,572492.00,668365.00,0.25,5480.69,0.00,4689.85,1.75
5,batch,efa,rdm,server,128,1,send,8192,573358.80,669385.20,0.20,5489.04,0.00,4696.96,1.74
6,batch,efa,rdm,server,128,1,send,8192,573813.17,669874.17,0.17,5493.03,0.00,4700.68,1.74
7,batch,efa,rdm,server,128,1,send,8192,574173.86,670378.86,0.14,5497.16,0.00,4703.63,1.74
8,batch,efa,rdm,server,128,1,send,8192,574421.00,670685.50,0.12,5499.67,0.00,4705.66,1.74
9,batch,efa,rdm,server,128,1,send,8192,574679.78,670960.56,0.11,5501.92,0.00,4707.78,1.74
10,batch,efa,rdm,server,128,1,send,8192,574593.90,670904.10,0.10,5501.45,0.00,4707.07,1.74
1,batch,efa,rdm,server,256,1,send,1,1455319.00,1466108.00,1.00,13.69,0.00,1.46,0.69
2,batch,efa,rdm,server,256,1,send,1,1483624.50,1489040.00,0.50,13.65,0.00,1.48,0.67
3,batch,efa,rdm,server,256,1,send,1,1493167.67,1496773.00,0.33,13.64,0.00,1.49,0.67
4,batch,efa,rdm,server,256,1,send,1,1497856.00,1500558.75,0.25,13.63,0.00,1.50,0.67
5,batch,efa,rdm,server,256,1,send,1,1500406.00,1502566.00,0.20,13.62,0.00,1.50,0.67
6,batch,efa,rdm,server,256,1,send,1,1502247.00,1504049.00,0.17,13.62,0.00,1.50,0.67
7,batch,efa,rdm,server,256,1,send,1,1503574.29,1505117.86,0.14,13.62,0.00,1.50,0.67
8,batch,efa,rdm,server,256,1,send,1,1504585.12,1505936.88,0.12,13.62,0.00,1.50,0.66
9,batch,efa,rdm,server,256,1,send,1,1505373.89,1506576.67,0.11,13.61,0.00,1.51,0.66
10,batch,efa,rdm,server,256,1,send,1,1505459.00,1506563.50,0.10,13.61,0.00,1.51,0.66
1,batch,efa,rdm,server,256,1,send,2,1475629.00,1488340.00,1.00,15.37,0.00,2.95,0.68
2,batch,efa,rdm,server,256,1,send,2,1506496.50,1512861.00,0.50,15.37,0.00,3.01,0.66
3,batch,efa,rdm,server,256,1,send,2,1516891.33,1521141.33,0.33,15.38,0.00,3.03,0.66
4,batch,efa,rdm,server,256,1,send,2,1521907.75,1525102.75,0.25,15.37,0.00,3.04,0.66
5,batch,efa,rdm,server,256,1,send,2,1524838.40,1527393.60,0.20,15.37,0.00,3.05,0.66
6,batch,efa,rdm,server,256,1,send,2,1526755.67,1528883.50,0.17,15.37,0.00,3.05,0.65
7,batch,efa,rdm,server,256,1,send,2,1528115.57,1529939.00,0.14,15.37,0.00,3.06,0.65
8,batch,efa,rdm,server,256,1,send,2,1529267.25,1530859.12,0.12,15.37,0.00,3.06,0.65
9,batch,efa,rdm,server,256,1,send,2,1530139.56,1531552.56,0.11,15.37,0.00,3.06,0.65
10,batch,efa,rdm,server,256,1,send,2,1530251.20,1531547.30,0.10,15.36,0.00,3.06,0.65
1,batch,efa,rdm,server,256,1,send,4,1478132.00,1491005.00,1.00,18.38,0.00,5.91,0.68
2,batch,efa,rdm,server,256,1,send,4,1508990.00,1515438.50,0.50,18.43,0.00,6.04,0.66
3,batch,efa,rdm,server,256,1,send,4,1519290.00,1523578.33,0.33,18.45,0.00,6.08,0.66
4,batch,efa,rdm,server,256,1,send,4,1524284.25,1527498.25,0.25,18.45,0.00,6.10,0.66
5,batch,efa,rdm,server,256,1,send,4,1527157.00,1529727.00,0.20,18.45,0.00,6.11,0.65
6,batch,efa,rdm,server,256,1,send,4,1529220.00,1531359.83,0.17,18.46,0.00,6.12,0.65
7,batch,efa,rdm,server,256,1,send,4,1530806.57,1532641.57,0.14,18.46,0.00,6.12,0.65
8,batch,efa,rdm,server,256,1,send,4,1531988.12,1533593.75,0.12,18.46,0.00,6.13,0.65
9,batch,efa,rdm,server,256,1,send,4,1532806.56,1534234.44,0.11,18.47,0.00,6.13,0.65
10,batch,efa,rdm,server,256,1,send,4,1532882.80,1534191.30,0.10,18.46,0.00,6.13,0.65
1,batch,efa,rdm,server,256,1,send,8,1552543.00,1565062.00,1.00,28.73,0.00,14.02,0.57
2,batch,efa,rdm,server,256,1,send,8,1589822.00,1596134.00,0.50,28.98,0.00,14.32,0.56
3,batch,efa,rdm,server,256,1,send,8,1502457.67,1506631.33,0.33,29.07,0.00,14.42,0.55
4,batch,efa,rdm,server,256,1,send,8,1508772.50,1511903.75,0.25,29.11,0.00,14.47,0.55
5,batch,efa,rdm,server,256,1,send,8,1512428.80,1514935.20,0.20,29.14,0.00,14.50,0.55
6,batch,efa,rdm,server,256,1,send,8,1514901.17,1516991.50,0.17,29.15,0.00,14.52,0.55
7,batch,efa,rdm,server,256,1,send,8,1516720.57,1518509.86,0.14,29.17,0.00,14.53,0.55
8,batch,efa,rdm,server,256,1,send,8,1518017.50,1519583.75,0.12,29.17,0.00,14.54,0.55
9,batch,efa,rdm,server,256,1,send,8,1519031.67,1520423.22,0.11,29.18,0.00,14.55,0.55
10,batch,efa,rdm,server,256,1,send,8,1818989.40,1820284.00,0.10,29.17,0.00,14.55,0.55
1,batch,efa,rdm,server,256,1,send,16,1483606.00,1495555.00,1.00,36.38,0.00,23.74,0.67
2,batch,efa,rdm,server,256,1,send,16,1513463.00,1519448.50,0.50,36.71,0.00,24.22,0.66
3,batch,efa,rdm,server,256,1,send,16,1523429.33,1527417.00,0.33,36.82,0.00,24.37,0.66
4,batch,efa,rdm,server,256,1,send,16,1528546.00,1531536.25,0.25,36.88,0.00,24.46,0.65
5,batch,efa,rdm,server,256,1,send,16,1531473.20,1533865.00,0.20,36.91,0.00,24.50,0.65
6,batch,efa,rdm,server,256,1,send,16,1533450.00,1535445.17,0.17,36.93,0.00,24.54,0.65
7,batch,efa,rdm,server,256,1,send,16,1534758.86,1536467.57,0.14,36.95,0.00,24.56,0.65
8,batch,efa,rdm,server,256,1,send,16,1535780.00,1537276.50,0.12,36.96,0.00,24.57,0.65
9,batch,efa,rdm,server,256,1,send,16,1536474.33,1537804.44,0.11,36.96,0.00,24.58,0.65
10,batch,efa,rdm,server,256,1,send,16,1536565.30,1537780.20,0.10,36.96,0.00,24.59,0.65
1,batch,efa,rdm,server,256,1,send,32,1465908.00,1476378.00,1.00,59.54,0.00,46.91,0.68
2,batch,efa,rdm,server,256,1,send,32,1493600.50,1498843.50,0.50,60.20,0.00,47.80,0.67
3,batch,efa,rdm,server,256,1,send,32,1502592.33,1506096.67,0.33,60.41,0.00,48.08,0.67
4,batch,efa,rdm,server,256,1,send,32,1507471.00,1510101.50,0.25,60.53,0.00,48.24,0.66
5,batch,efa,rdm,server,256,1,send,32,1510496.80,1512599.80,0.20,60.60,0.00,48.34,0.66
6,batch,efa,rdm,server,256,1,send,32,1512353.67,1514103.67,0.17,60.65,0.00,48.40,0.66
7,batch,efa,rdm,server,256,1,send,32,1513804.14,1515302.00,0.14,60.68,0.00,48.44,0.66
8,batch,efa,rdm,server,256,1,send,32,1514833.00,1516145.00,0.12,60.71,0.00,48.47,0.66
9,batch,efa,rdm,server,256,1,send,32,1515634.11,1516799.56,0.11,60.73,0.00,48.50,0.66
10,batch,efa,rdm,server,256,1,send,32,1515736.20,1516807.00,0.10,60.72,0.00,48.50,0.66
1,batch,efa,rdm,server,256,1,send,64,1479121.00,1489359.00,1.00,107.72,0.00,94.66,0.68
2,batch,efa,rdm,server,256,1,send,64,1508068.00,1513195.00,0.50,109.19,0.00,96.52,0.66
3,batch,efa,rdm,server,256,1,send,64,1517890.00,1521309.67,0.33,109.70,0.00,97.14,0.66
4,batch,efa,rdm,server,256,1,send,64,1522927.50,1525490.00,0.25,109.96,0.00,97.47,0.66
5,batch,efa,rdm,server,256,1,send,64,1525942.80,1527994.60,0.20,110.11,0.00,97.66,0.66
6,batch,efa,rdm,server,256,1,send,64,1527858.00,1529567.83,0.17,110.21,0.00,97.78,0.65
7,batch,efa,rdm,server,256,1,send,64,1529271.57,1530737.00,0.14,110.28,0.00,97.87,0.65
8,batch,efa,rdm,server,256,1,send,64,1530316.88,1531601.00,0.12,110.34,0.00,97.94,0.65
9,batch,efa,rdm,server,256,1,send,64,1531138.67,1532278.67,0.11,110.38,0.00,97.99,0.65
10,batch,efa,rdm,server,256,1,send,64,1531211.70,1532261.20,0.10,110.37,0.00,98.00,0.65
1,batch,efa,rdm,server,256,1,send,128,1453444.00,1464945.00,1.00,199.71,0.00,186.04,0.69
2,batch,efa,rdm,server,256,1,send,128,1482382.50,1488142.00,0.50,202.63,0.00,189.74,0.67
3,batch,efa,rdm,server,256,1,send,128,1492135.67,1495977.33,0.33,203.61,0.00,190.99,0.67
4,batch,efa,rdm,server,256,1,send,128,1497095.75,1499967.75,0.25,204.11,0.00,191.63,0.67
5,batch,efa,rdm,server,256,1,send,128,1500163.80,1502458.80,0.20,204.43,0.00,192.02,0.67
6,batch,efa,rdm,server,256,1,send,128,1502148.50,1504061.67,0.17,204.63,0.00,192.28,0.67
7,batch,efa,rdm,server,256,1,send,128,1503504.00,1505145.29,0.14,204.77,0.00,192.45,0.67
8,batch,efa,rdm,server,256,1,send,128,1504619.38,1506053.75,0.12,204.88,0.00,192.59,0.66
9,batch,efa,rdm,server,256,1,send,128,1505556.44,1506830.67,0.11,204.98,0.00,192.71,0.66
10,batch,efa,rdm,server,256,1,send,128,1505762.70,1506933.90,0.10,204.99,0.00,192.74,0.66
1,batch,efa,rdm,server,256,1,send,256,1474132.00,1487572.00,1.00,393.20,0.00,377.38,0.68
2,batch,efa,rdm,server,256,1,send,256,1505681.50,1512408.00,0.50,399.51,0.00,385.45,0.66
3,batch,efa,rdm,server,256,1,send,256,1515788.00,1520260.33,0.33,401.51,0.00,388.04,0.66
4,batch,efa,rdm,server,256,1,send,256,1521253.00,1524605.75,0.25,402.62,0.00,389.44,0.66
5,batch,efa,rdm,server,256,1,send,256,1524499.20,1527187.20,0.20,403.27,0.00,390.27,0.66
6,batch,efa,rdm,server,256,1,send,256,1526521.17,1528760.17,0.17,403.67,0.00,390.79,0.66
7,batch,efa,rdm,server,256,1,send,256,1528033.86,1529949.00,0.14,403.97,0.00,391.18,0.65
8,batch,efa,rdm,server,256,1,send,256,1529178.38,1530853.88,0.12,404.21,0.00,391.47,0.65
9,batch,efa,rdm,server,256,1,send,256,1530123.67,1531615.33,0.11,404.40,0.00,391.71,0.65
10,batch,efa,rdm,server,256,1,send,256,1530350.50,1531715.60,0.10,404.42,0.00,391.77,0.65
1,batch,efa,rdm,server,256,1,send,512,1417408.00,1545703.00,1.00,804.25,0.00,725.71,0.71
2,batch,efa,rdm,server,256,1,send,512,1448148.00,1572923.00,0.50,818.16,0.00,741.45,0.69
3,batch,efa,rdm,server,256,1,send,512,1457049.33,1581410.67,0.33,822.49,0.00,746.01,0.69
4,batch,efa,rdm,server,256,1,send,512,1461827.00,1585475.25,0.25,824.57,0.00,748.46,0.68
5,batch,efa,rdm,server,256,1,send,512,1464574.00,1588611.80,0.20,826.17,0.00,749.86,0.68
6,batch,efa,rdm,server,256,1,send,512,1466375.67,1590550.33,0.17,827.17,0.00,750.78,0.68
7,batch,efa,rdm,server,256,1,send,512,1467546.29,1591487.00,0.14,827.64,0.00,751.38,0.68
8,batch,efa,rdm,server,256,1,send,512,1468212.25,1592163.62,0.12,827.99,0.00,751.72,0.68
9,batch,efa,rdm,server,256,1,send,512,1468878.67,1592857.11,0.11,828.34,0.00,752.07,0.68
10,batch,efa,rdm,server,256,1,send,512,1468623.90,1592488.60,0.10,828.14,0.00,751.94,0.68
1,batch,efa,rdm,server,256,1,send,1024,1268490.00,1475392.00,1.00,1523.09,0.00,1298.93,0.79
2,batch,efa,rdm,server,256,1,send,1024,1293482.50,1498041.00,0.50,1546.22,0.00,1324.53,0.77
3,batch,efa,rdm,server,256,1,send,1024,1299946.33,1506133.00,0.33,1554.49,0.00,1331.15,0.77
4,batch,efa,rdm,server,256,1,send,1024,1303131.25,1510503.75,0.25,1558.96,0.00,1334.41,0.77
5,batch,efa,rdm,server,256,1,send,1024,1304571.20,1513456.00,0.20,1561.98,0.00,1335.88,0.77
6,batch,efa,rdm,server,256,1,send,1024,1305598.50,1515049.67,0.17,1563.61,0.00,1336.93,0.77
7,batch,efa,rdm,server,256,1,send,1024,1305871.43,1516721.14,0.14,1565.33,0.00,1337.21,0.77
8,batch,efa,rdm,server,256,1,send,1024,1306244.75,1516911.88,0.12,1565.51,0.00,1337.59,0.77
9,batch,efa,rdm,server,256,1,send,1024,1306389.44,1517539.11,0.11,1566.15,0.00,1337.74,0.77
10,batch,efa,rdm,server,256,1,send,1024,1305780.30,1517214.40,0.10,1565.81,0.00,1337.12,0.77
1,batch,efa,rdm,server,256,1,send,2048,1110611.00,1309946.00,1.00,2693.73,0.00,2274.53,0.90
2,batch,efa,rdm,server,256,1,send,2048,1135246.00,1330729.00,0.50,2736.22,0.00,2324.98,0.88
3,batch,efa,rdm,server,256,1,send,2048,1143437.67,1338598.33,0.33,2752.32,0.00,2341.76,0.87
4,batch,efa,rdm,server,256,1,send,2048,1147586.50,1342858.00,0.25,2761.04,0.00,2350.26,0.87
5,batch,efa,rdm,server,256,1,send,2048,1149915.20,1345386.20,0.20,2766.21,0.00,2355.03,0.87
6,batch,efa,rdm,server,256,1,send,2048,1151366.00,1347115.50,0.17,2769.75,0.00,2358.00,0.87
7,batch,efa,rdm,server,256,1,send,2048,1152097.57,1347930.71,0.14,2771.41,0.00,2359.50,0.87
8,batch,efa,rdm,server,256,1,send,2048,1152835.00,1348238.62,0.12,2772.04,0.00,2361.01,0.87
9,batch,efa,rdm,server,256,1,send,2048,1153447.00,1349102.56,0.11,2773.81,0.00,2362.26,0.87
10,batch,efa,rdm,server,256,1,send,2048,1153414.60,1349106.80,0.10,2773.81,0.00,2362.19,0.87
1,batch,efa,rdm,server,256,1,send,4096,842903.00,1079392.00,1.00,4430.29,0.00,3452.53,1.19
2,batch,efa,rdm,server,256,1,send,4096,860520.50,1100160.00,0.50,4515.29,0.00,3524.69,1.16
3,batch,efa,rdm,server,256,1,send,4096,866594.33,1107800.00,0.33,4546.57,0.00,3549.57,1.15
4,batch,efa,rdm,server,256,1,send,4096,868564.75,1110342.25,0.25,4556.96,0.00,3557.64,1.15
5,batch,efa,rdm,server,256,1,send,4096,869782.40,1112331.80,0.20,4565.10,0.00,3562.63,1.15
6,batch,efa,rdm,server,256,1,send,4096,870723.83,1113155.83,0.17,4568.47,0.00,3566.48,1.15
7,batch,efa,rdm,server,256,1,send,4096,871185.00,1113595.86,0.14,4570.26,0.00,3568.37,1.15
8,batch,efa,rdm,server,256,1,send,4096,871369.75,1114114.00,0.12,4572.38,0.00,3569.13,1.15
9,batch,efa,rdm,server,256,1,send,4096,871549.67,1114484.44,0.11,4573.90,0.00,3569.87,1.15
10,batch,efa,rdm,server,256,1,send,4096,871358.60,1114163.00,0.10,4572.57,0.00,3569.08,1.15
1,batch,efa,rdm,server,256,1,send,8192,806946.00,825651.00,1.00,6530.79,0.00,6152.90,1.97
2,batch,efa,rdm,server,256,1,send,8192,804373.00,825513.00,0.50,6529.43,0.00,6131.82,1.98
3,batch,efa,rdm,server,256,1,send,8192,803015.33,825495.67,0.33,6529.21,0.00,6120.70,1.99
4,batch,efa,rdm,server,256,1,send,8192,802422.00,825464.75,0.25,6528.92,0.00,6115.84,1.99
5,batch,efa,rdm,server,256,1,send,8192,802729.20,825967.80,0.20,6533.03,0.00,6118.36,1.99
6,batch,efa,rdm,server,256,1,send,8192,802481.17,825707.00,0.17,6530.87,0.00,6116.33,1.99
7,batch,efa,rdm,server,256,1,send,8192,803135.71,826229.29,0.14,6535.14,0.00,6121.69,1.99
8,batch,efa,rdm,server,256,1,send,8192,802622.12,825917.38,0.12,6532.58,0.00,6117.48,1.99
9,batch,efa,rdm,server,256,1,send,8192,802970.00,826222.00,0.11,6535.07,0.00,6120.33,1.99
10,batch,efa,rdm,server,256,1,send,8192,502810.10,626132.20,0.10,5>134.33,0.00,4119.02,1.99
1,batch,efa,rdm,server,512,1,send,1,1476148.00,1492905.00,1.00,14.03,0.00,1.48,0.68
2,batch,efa,rdm,server,512,1,send,1,1509193.00,1517574.50,0.50,13.96,0.00,1.51,0.66
3,batch,efa,rdm,server,512,1,send,1,1520260.67,1525847.00,0.33,13.93,0.00,1.52,0.66
4,batch,efa,rdm,server,512,1,send,1,1525748.00,1529940.75,0.25,13.92,0.00,1.53,0.66
5,batch,efa,rdm,server,512,1,send,1,1529230.60,1532586.00,0.20,13.91,0.00,1.53,0.65
6,batch,efa,rdm,server,512,1,send,1,1531558.33,1534354.17,0.17,13.91,0.00,1.53,0.65
7,batch,efa,rdm,server,512,1,send,1,1533107.00,1535502.14,0.14,13.90,0.00,1.53,0.65
8,batch,efa,rdm,server,512,1,send,1,1534216.00,1536311.62,0.12,13.90,0.00,1.53,0.65
9,batch,efa,rdm,server,512,1,send,1,1535178.78,1537041.22,0.11,13.90,0.00,1.54,0.65
10,batch,efa,rdm,server,512,1,send,1,1535427.00,1537122.00,0.10,13.89,0.00,1.54,0.65
1,batch,efa,rdm,server,512,1,send,2,1472469.00,1489356.00,1.00,15.48,0.00,2.94,0.68
2,batch,efa,rdm,server,512,1,send,2,1505184.50,1513634.50,0.50,15.43,0.00,3.01,0.66
3,batch,efa,rdm,server,512,1,send,2,1515803.00,1521430.33,0.33,15.41,0.00,3.03,0.66
4,batch,efa,rdm,server,512,1,send,2,1521119.00,1525330.75,0.25,15.40,0.00,3.04,0.66
5,batch,efa,rdm,server,512,1,send,2,1524593.80,1527965.20,0.20,15.40,0.00,3.05,0.66
6,batch,efa,rdm,server,512,1,send,2,1526828.50,1529639.50,0.17,15.39,0.00,3.05,0.65
7,batch,efa,rdm,server,512,1,send,2,1528328.43,1530737.57,0.14,15.39,0.00,3.06,0.65
8,batch,efa,rdm,server,512,1,send,2,1529441.50,1531549.50,0.12,15.39,0.00,3.06,0.65
9,batch,efa,rdm,server,512,1,send,2,1530367.78,1532240.33,0.11,15.39,0.00,3.06,0.65
10,batch,efa,rdm,server,512,1,send,2,1530612.40,1532321.80,0.10,15.38,0.00,3.06,0.65
1,batch,efa,rdm,server,512,1,send,4,1472209.00,1488151.00,1.00,18.44,0.00,5.89,0.68
2,batch,efa,rdm,server,512,1,send,4,1501917.50,1509898.00,0.50,18.41,0.00,6.01,0.67
3,batch,efa,rdm,server,512,1,send,4,1511614.67,1516931.67,0.33,18.40,0.00,6.05,0.66
4,batch,efa,rdm,server,512,1,send,4,1516689.75,1520679.25,0.25,18.39,0.00,6.07,0.66
5,batch,efa,rdm,server,512,1,send,4,1519882.40,1523072.00,0.20,18.39,0.00,6.08,0.66
6,batch,efa,rdm,server,512,1,send,4,1521803.50,1524463.50,0.17,18.39,0.00,6.09,0.66
7,batch,efa,rdm,server,512,1,send,4,1523179.86,1525457.57,0.14,18.39,0.00,6.09,0.66
8,batch,efa,rdm,server,512,1,send,4,1524188.50,1526181.12,0.12,18.39,0.00,6.10,0.66
9,batch,efa,rdm,server,512,1,send,4,1524950.44,1526723.11,0.11,18.38,0.00,6.10,0.66
10,batch,efa,rdm,server,512,1,send,4,1525195.50,1526810.30,0.10,18.38,0.00,6.10,0.66
1,batch,efa,rdm,server,512,1,send,8,1465424.00,1483569.00,1.00,24.32,0.00,11.72,0.68
2,batch,efa,rdm,server,512,1,send,8,1499510.00,1508575.50,0.50,24.43,0.00,12.00,0.67
3,batch,efa,rdm,server,512,1,send,8,1511221.67,1517264.67,0.33,24.47,0.00,12.09,0.66
4,batch,efa,rdm,server,512,1,send,8,1517054.50,1521590.00,0.25,24.49,0.00,12.14,0.66
5,batch,efa,rdm,server,512,1,send,8,1520543.80,1524172.00,0.20,24.50,0.00,12.16,0.66
6,batch,efa,rdm,server,512,1,send,8,1522796.83,1525819.33,0.17,24.51,0.00,12.18,0.66
7,batch,efa,rdm,server,512,1,send,8,1524409.00,1527000.00,0.14,24.52,0.00,12.20,0.66
8,batch,efa,rdm,server,512,1,send,8,1525555.88,1527823.00,0.12,24.52,0.00,12.20,0.66
9,batch,efa,rdm,server,512,1,send,8,1526520.11,1528533.89,0.11,24.52,0.00,12.21,0.66
10,batch,efa,rdm,server,512,1,send,8,1526926.90,1528760.20,0.10,24.52,0.00,12.22,0.65
1,batch,efa,rdm,server,512,1,send,16,1446105.00,1462426.00,1.00,35.68,0.00,23.14,0.69
2,batch,efa,rdm,server,512,1,send,16,1479450.00,1487630.00,0.50,36.00,0.00,23.67,0.68
3,batch,efa,rdm,server,512,1,send,16,1489957.33,1495399.67,0.33,36.08,0.00,23.84,0.67
4,batch,efa,rdm,server,512,1,send,16,1496078.25,1500167.00,0.25,36.15,0.00,23.94,0.67
5,batch,efa,rdm,server,512,1,send,16,1499412.40,1502682.80,0.20,36.18,0.00,23.99,0.67
6,batch,efa,rdm,server,512,1,send,16,1501645.00,1504373.50,0.17,36.20,0.00,24.03,0.67
7,batch,efa,rdm,server,512,1,send,16,1503024.86,1505365.43,0.14,36.21,0.00,24.05,0.67
8,batch,efa,rdm,server,512,1,send,16,1504213.38,1506261.00,0.12,36.22,0.00,24.07,0.66
9,batch,efa,rdm,server,512,1,send,16,1505150.00,1506968.56,0.11,36.23,0.00,24.08,0.66
10,batch,efa,rdm,server,512,1,send,16,1505516.50,1507172.90,0.10,36.23,0.00,24.09,0.66
1,batch,efa,rdm,server,512,1,send,32,1475286.00,1489010.00,1.00,60.13,0.00,47.21,0.68
2,batch,efa,rdm,server,512,1,send,32,1503766.00,1510621.00,0.50,60.71,0.00,48.12,0.66
3,batch,efa,rdm,server,512,1,send,32,1513677.67,1518249.00,0.33,60.92,0.00,48.44,0.66
4,batch,efa,rdm,server,512,1,send,32,1518724.50,1522157.25,0.25,61.03,0.00,48.60,0.66
5,batch,efa,rdm,server,512,1,send,32,1521514.20,1524262.40,0.20,61.08,0.00,48.69,0.66
6,batch,efa,rdm,server,512,1,send,32,1523518.00,1525803.50,0.17,61.13,0.00,48.75,0.66
7,batch,efa,rdm,server,512,1,send,32,1524828.57,1526787.86,0.14,61.15,0.00,48.79,0.66
8,batch,efa,rdm,server,512,1,send,32,1525823.62,1527538.25,0.12,61.17,0.00,48.83,0.66
9,batch,efa,rdm,server,512,1,send,32,1526681.44,1528207.44,0.11,61.19,0.00,48.85,0.66
10,batch,efa,rdm,server,512,1,send,32,1526829.70,1528225.60,0.10,61.19,0.00,48.86,0.65
1,batch,efa,rdm,server,512,1,send,64,1462665.00,1479051.00,1.00,107.06,0.00,93.61,0.68
2,batch,efa,rdm,server,512,1,send,64,1494764.50,1502966.50,0.50,108.50,0.00,95.66,0.67
3,batch,efa,rdm,server,512,1,send,64,1506148.67,1511614.67,0.33,109.03,0.00,96.39,0.66
4,batch,efa,rdm,server,512,1,send,64,1511896.75,1515998.50,0.25,109.29,0.00,96.76,0.66
5,batch,efa,rdm,server,512,1,send,64,1514853.80,1518134.40,0.20,109.42,0.00,96.95,0.66
6,batch,efa,rdm,server,512,1,send,64,1516934.67,1519668.17,0.17,109.51,0.00,97.08,0.66
7,batch,efa,rdm,server,512,1,send,64,1518323.00,1520667.29,0.14,109.57,0.00,97.17,0.66
8,batch,efa,rdm,server,512,1,send,64,1519401.38,1521451.88,0.12,109.62,0.00,97.24,0.66
9,batch,efa,rdm,server,512,1,send,64,1520401.00,1522223.78,0.11,109.66,0.00,97.31,0.66
10,batch,efa,rdm,server,512,1,send,64,1520692.10,1522351.90,0.10,109.67,0.00,97.32,0.66
1,batch,efa,rdm,server,512,1,send,128,1466771.00,1482954.00,1.00,202.28,0.00,187.75,0.68
2,batch,efa,rdm,server,512,1,send,128,1500634.50,1508738.50,0.50,205.49,0.00,192.08,0.67
3,batch,efa,rdm,server,512,1,send,128,1512556.33,1517962.00,0.33,206.64,0.00,193.61,0.66
4,batch,efa,rdm,server,512,1,send,128,1518342.00,1522397.75,0.25,207.19,0.00,194.35,0.66
5,batch,efa,rdm,server,512,1,send,128,1521618.40,1524861.60,0.20,207.50,0.00,194.77,0.66
6,batch,efa,rdm,server,512,1,send,128,1523705.83,1526407.67,0.17,207.69,0.00,195.03,0.66
7,batch,efa,rdm,server,512,1,send,128,1525264.14,1527581.14,0.14,207.84,0.00,195.23,0.66
8,batch,efa,rdm,server,512,1,send,128,1526477.50,1528505.25,0.12,207.95,0.00,195.39,0.66
9,batch,efa,rdm,server,512,1,send,128,1527575.22,1529378.22,0.11,208.06,0.00,195.53,0.65
10,batch,efa,rdm,server,512,1,send,128,1527879.20,1529520.20,0.10,208.07,0.00,195.57,0.65
1,batch,efa,rdm,server,512,1,send,256,1431588.00,1449977.00,1.00,383.37,0.00,366.49,0.70
2,batch,efa,rdm,server,512,1,send,256,1464339.00,1473542.00,0.50,389.30,0.00,374.87,0.68
3,batch,efa,rdm,server,512,1,send,256,1475912.33,1482054.33,0.33,391.45,0.00,377.83,0.68
4,batch,efa,rdm,server,512,1,send,256,1481588.75,1486191.50,0.25,392.50,0.00,379.29,0.67
5,batch,efa,rdm,server,512,1,send,256,1484766.80,1488452.40,0.20,393.07,0.00,380.10,0.67
6,batch,efa,rdm,server,512,1,send,256,1486902.33,1489970.67,0.17,393.45,0.00,380.65,0.67
7,batch,efa,rdm,server,512,1,send,256,1488514.71,1491144.71,0.14,393.74,0.00,381.06,0.67
8,batch,efa,rdm,server,512,1,send,256,1489859.88,1492160.25,0.12,394.00,0.00,381.40,0.67
9,batch,efa,rdm,server,512,1,send,256,1490972.56,1493021.44,0.11,394.22,0.00,381.69,0.67
10,batch,efa,rdm,server,512,1,send,256,1491222.30,1493086.30,0.10,394.23,0.00,381.75,0.67
1,batch,efa,rdm,server,512,1,send,512,1398778.00,1458789.00,1.00,759.14,0.00,716.17,0.71
2,batch,efa,rdm,server,512,1,send,512,1430691.00,1482222.00,0.50,771.04,0.00,732.51,0.70
3,batch,efa,rdm,server,512,1,send,512,1440952.67,1490329.00,0.33,775.16,0.00,737.77,0.69
4,batch,efa,rdm,server,512,1,send,512,1445446.50,1493814.25,0.25,776.93,0.00,740.07,0.69
5,batch,efa,rdm,server,512,1,send,512,1448000.60,1495943.40,0.20,778.00,0.00,741.38,0.69
6,batch,efa,rdm,server,512,1,send,512,1449465.67,1497505.17,0.17,778.80,0.00,742.13,0.69
7,batch,efa,rdm,server,512,1,send,512,1450565.29,1498166.57,0.14,779.13,0.00,742.69,0.69
8,batch,efa,rdm,server,512,1,send,512,1451163.38,1498821.62,0.12,779.46,0.00,743.00,0.69
9,batch,efa,rdm,server,512,1,send,512,1451425.44,1499221.56,0.11,779.66,0.00,743.13,0.69
10,batch,efa,rdm,server,512,1,send,512,1451123.50,1499023.70,0.10,779.55,0.00,742.98,0.69
1,batch,efa,rdm,server,512,1,send,1024,1225405.00,1510047.00,1.00,1558.97,0.00,1254.81,0.82
2,batch,efa,rdm,server,512,1,send,1024,1255999.00,1538371.50,0.50,1587.90,0.00,1286.14,0.80
3,batch,efa,rdm,server,512,1,send,1024,1265298.00,1546044.33,0.33,1595.72,0.00,1295.67,0.79
4,batch,efa,rdm,server,512,1,send,1024,1269285.25,1548786.00,0.25,1598.50,0.00,1299.75,0.79
5,batch,efa,rdm,server,512,1,send,1024,1271980.40,1551469.80,0.20,1601.24,0.00,1302.51,0.79
6,batch,efa,rdm,server,512,1,send,1024,1273534.17,1553564.33,0.17,1603.38,0.00,1304.10,0.79
7,batch,efa,rdm,server,512,1,send,1024,1274295.29,1556318.29,0.14,1606.21,0.00,1304.88,0.78
8,batch,efa,rdm,server,512,1,send,1024,1274494.12,1555239.12,0.12,1605.08,0.00,1305.08,0.78
9,batch,efa,rdm,server,512,1,send,1024,1275030.89,1555924.00,0.11,1605.78,0.00,1305.63,0.78
10,batch,efa,rdm,server,512,1,send,1024,1274435.20,1555204.20,0.10,1605.03,0.00,1305.02,0.78
1,batch,efa,rdm,server,512,1,send,2048,1059952.00,1322493.00,1.00,2719.60,0.00,2170.78,0.94
2,batch,efa,rdm,server,512,1,send,2048,1086221.00,1340088.00,0.50,2755.50,0.00,2224.58,0.92
3,batch,efa,rdm,server,512,1,send,2048,1093733.00,1345190.33,0.33,2765.90,0.00,2239.97,0.91
4,batch,efa,rdm,server,512,1,send,2048,1096986.00,1347240.00,0.25,2770.07,0.00,2246.63,0.91
5,batch,efa,rdm,server,512,1,send,2048,1098690.80,1349145.60,0.20,2773.96,0.00,2250.12,0.91
6,batch,efa,rdm,server,512,1,send,2048,1099442.83,1349828.00,0.17,2775.34,0.00,2251.66,0.91
7,batch,efa,rdm,server,512,1,send,2048,1099916.00,1350932.29,0.14,2777.60,0.00,2252.63,0.91
8,batch,efa,rdm,server,512,1,send,2048,1100787.75,1350805.25,0.12,2777.33,0.00,2254.41,0.91
9,batch,efa,rdm,server,512,1,send,2048,1100763.67,1350560.33,0.11,2776.81,0.00,2254.36,0.91
10,batch,efa,rdm,server,512,1,send,2048,1100440.20,1350593.20,0.10,2776.88,0.00,2253.70,0.91
1,batch,efa,rdm,server,512,1,send,4096,747152.00,1020619.00,1.00,4189.16,0.00,3060.33,1.34
2,batch,efa,rdm,server,512,1,send,4096,763809.00,1036790.00,0.50,4255.26,0.00,3128.56,1.31
3,batch,efa,rdm,server,512,1,send,4096,767554.67,1043234.67,0.33,4281.62,0.00,3143.90,1.30
4,batch,efa,rdm,server,512,1,send,4096,771033.75,1045283.75,0.25,4289.98,0.00,3158.15,1.30
5,batch,efa,rdm,server,512,1,send,4096,772970.60,1047316.60,0.20,4298.30,0.00,3166.09,1.29
6,batch,efa,rdm,server,512,1,send,4096,772532.67,1047009.50,0.17,4297.02,0.00,3164.29,1.29
7,batch,efa,rdm,server,512,1,send,4096,772307.43,1046212.71,0.14,4293.73,0.00,3163.37,1.29
8,batch,efa,rdm,server,512,1,send,4096,772444.00,1046068.62,0.12,4293.13,0.00,3163.93,1.29
9,batch,efa,rdm,server,512,1,send,4096,771154.11,1045464.56,0.11,4290.65,0.00,3158.65,1.30
10,batch,efa,rdm,server,512,1,send,4096,769914.80,1044087.40,0.10,4284.99,0.00,3153.57,1.30
1,batch,efa,rdm,server,512,1,send,8192,412046.00,563638.00,1.00,4622.33,0.00,3375.48,2.43
2,batch,efa,rdm,server,512,1,send,8192,418501.00,569545.00,0.50,4670.52,0.00,3428.36,2.39
3,batch,efa,rdm,server,512,1,send,8192,416780.67,568806.67,0.33,4664.38,0.00,3414.27,2.40
4,batch,efa,rdm,server,512,1,send,8192,416988.00,569468.75,0.25,4669.77,0.00,3415.97,2.40
5,batch,efa,rdm,server,512,1,send,8192,417540.40,569988.40,0.20,4674.01,0.00,3420.49,2.39
6,batch,efa,rdm,server,512,1,send,8192,416906.50,569471.67,0.17,4669.75,0.00,3415.30,2.40
7,batch,efa,rdm,server,512,1,send,8192,416244.57,568991.57,0.14,4665.80,0.00,3409.88,2.40
8,batch,efa,rdm,server,512,1,send,8192,416384.62,569174.88,0.12,4667.30,0.00,3411.02,2.40
9,batch,efa,rdm,server,512,1,send,8192,416284.56,569210.00,0.11,4667.58,0.00,3410.20,2.40
10,batch,efa,rdm,server,512,1,send,8192,416279.80,569093.80,0.10,4666.62,0.00,3410.16,2.40
1,batch,efa,rdm,server,1024,1,send,1,1689547.00,1721859.00,1.00,16.12,0.00,1.69,0.59
2,batch,efa,rdm,server,1024,1,send,1,1746661.50,1762915.50,0.50,16.18,0.00,1.75,0.57
3,batch,efa,rdm,server,1024,1,send,1,1765971.67,1776815.33,0.33,16.20,0.00,1.77,0.57
4,batch,efa,rdm,server,1024,1,send,1,1775153.25,1783277.25,0.25,16.21,0.00,1.78,0.56
5,batch,efa,rdm,server,1024,1,send,1,1780843.00,1787346.20,0.20,16.21,0.00,1.78,0.56
6,batch,efa,rdm,server,1024,1,send,1,1784519.17,1789936.00,0.17,16.21,0.00,1.78,0.56
7,batch,efa,rdm,server,1024,1,send,1,1787044.43,1791686.14,0.14,16.21,0.00,1.79,0.56
8,batch,efa,rdm,server,1024,1,send,1,1789170.62,1793236.25,0.12,16.22,0.00,1.79,0.56
9,batch,efa,rdm,server,1024,1,send,1,1790935.00,1794549.00,0.11,16.22,0.00,1.79,0.56
10,batch,efa,rdm,server,1024,1,send,1,1791432.60,1794717.00,0.10,16.21,0.00,1.79,0.56
1,batch,efa,rdm,server,1024,1,send,2,1403394.00,1425349.00,1.00,14.87,0.00,2.81,0.71
2,batch,efa,rdm,server,1024,1,send,2,1442965.50,1453951.00,0.50,14.85,0.00,2.89,0.69
3,batch,efa,rdm,server,1024,1,send,2,1456204.67,1463544.67,0.33,14.84,0.00,2.91,0.69
4,batch,efa,rdm,server,1024,1,send,2,1463010.75,1468515.00,0.25,14.84,0.00,2.93,0.68
5,batch,efa,rdm,server,1024,1,send,2,1467151.80,1471555.00,0.20,14.84,0.00,2.93,0.68
6,batch,efa,rdm,server,1024,1,send,2,1469710.67,1473381.00,0.17,14.84,0.00,2.94,0.68
7,batch,efa,rdm,server,1024,1,send,2,1471448.14,1474588.00,0.14,14.83,0.00,2.94,0.68
8,batch,efa,rdm,server,1024,1,send,2,1472811.88,1475559.00,0.12,14.83,0.00,2.95,0.68
9,batch,efa,rdm,server,1024,1,send,2,1473979.33,1476422.89,0.11,14.83,0.00,2.95,0.68
10,batch,efa,rdm,server,1024,1,send,2,1474439.70,1476660.20,0.10,14.83,0.00,2.95,0.68
1,batch,efa,rdm,server,1024,1,send,4,1400639.00,1426373.00,1.00,17.73,0.00,5.60,0.71
2,batch,efa,rdm,server,1024,1,send,4,1442991.50,1455870.50,0.50,17.78,0.00,5.77,0.69
3,batch,efa,rdm,server,1024,1,send,4,1457205.00,1465796.67,0.33,17.79,0.00,5.83,0.69
4,batch,efa,rdm,server,1024,1,send,4,1464290.50,1470728.00,0.25,17.80,0.00,5.86,0.68
5,batch,efa,rdm,server,1024,1,send,4,1468556.80,1473708.00,0.20,17.81,0.00,5.87,0.68
6,batch,efa,rdm,server,1024,1,send,4,1471393.17,1475687.83,0.17,17.81,0.00,5.89,0.68
7,batch,efa,rdm,server,1024,1,send,4,1473304.43,1476989.57,0.14,17.81,0.00,5.89,0.68
8,batch,efa,rdm,server,1024,1,send,4,1474834.62,1478057.88,0.12,17.81,0.00,5.90,0.68
9,batch,efa,rdm,server,1024,1,send,4,1476112.78,1478979.11,0.11,17.82,0.00,5.90,0.68
10,batch,efa,rdm,server,1024,1,send,4,1476578.50,1479176.60,0.10,17.81,0.00,5.91,0.68
1,batch,efa,rdm,server,1024,1,send,8,1704264.00,1729870.00,1.00,28.31,0.00,13.63,0.59
2,batch,efa,rdm,server,1024,1,send,8,1761760.00,1774575.50,0.50,28.71,0.00,14.09,0.57
3,batch,efa,rdm,server,1024,1,send,8,1780463.33,1789004.00,0.33,28.84,0.00,14.24,0.56
4,batch,efa,rdm,server,1024,1,send,8,1789593.25,1795993.25,0.25,28.89,0.00,14.32,0.56
5,batch,efa,rdm,server,1024,1,send,8,1795064.40,1800190.80,0.20,28.93,0.00,14.36,0.56
6,batch,efa,rdm,server,1024,1,send,8,1798639.83,1802908.67,0.17,28.95,0.00,14.39,0.56
7,batch,efa,rdm,server,1024,1,send,8,1801317.00,1804977.00,0.14,28.97,0.00,14.41,0.56
8,batch,efa,rdm,server,1024,1,send,8,1803403.62,1806604.62,0.12,28.99,0.00,14.43,0.55
9,batch,efa,rdm,server,1024,1,send,8,1804896.78,1807743.89,0.11,28.99,0.00,14.44,0.55
10,batch,efa,rdm,server,1024,1,send,8,1805326.40,1807930.40,0.10,28.99,0.00,14.44,0.55
1,batch,efa,rdm,server,1024,1,send,16,1394344.00,1416650.00,1.00,34.62,0.00,22.31,0.72
2,batch,efa,rdm,server,1024,1,send,16,1436850.00,1448016.00,0.50,35.06,0.00,22.99,0.70
3,batch,efa,rdm,server,1024,1,send,16,1451093.67,1458523.67,0.33,35.21,0.00,23.22,0.69
4,batch,efa,rdm,server,1024,1,send,16,1457778.00,1463349.50,0.25,35.28,0.00,23.32,0.69
5,batch,efa,rdm,server,1024,1,send,16,1462137.80,1466596.60,0.20,35.32,0.00,23.39,0.68
6,batch,efa,rdm,server,1024,1,send,16,1465066.17,1468782.33,0.17,35.35,0.00,23.44,0.68
7,batch,efa,rdm,server,1024,1,send,16,1467117.14,1470302.00,0.14,35.38,0.00,23.47,0.68
8,batch,efa,rdm,server,1024,1,send,16,1468563.12,1471349.12,0.12,35.39,0.00,23.50,0.68
9,batch,efa,rdm,server,1024,1,send,16,1469720.56,1472199.67,0.11,35.40,0.00,23.52,0.68
10,batch,efa,rdm,server,1024,1,send,16,1470062.30,1472314.20,0.10,35.40,0.00,23.52,0.68
1,batch,efa,rdm,server,1024,1,send,32,1444515.00,1455979.00,1.00,58.85,0.00,46.22,0.69
2,batch,efa,rdm,server,1024,1,send,32,1474606.00,1480334.00,0.50,59.52,0.00,47.19,0.68
3,batch,efa,rdm,server,1024,1,send,32,1484605.67,1488431.67,0.33,59.74,0.00,47.51,0.67
4,batch,efa,rdm,server,1024,1,send,32,1489253.75,1492133.25,0.25,59.84,0.00,47.66,0.67
5,batch,efa,rdm,server,1024,1,send,32,1492442.20,1494745.80,0.20,59.91,0.00,47.76,0.67
6,batch,efa,rdm,server,1024,1,send,32,1494656.17,1496573.83,0.17,59.97,0.00,47.83,0.67
7,batch,efa,rdm,server,1024,1,send,32,1496052.14,1497697.86,0.14,60.00,0.00,47.87,0.67
8,batch,efa,rdm,server,1024,1,send,32,1497078.50,1498514.75,0.12,60.02,0.00,47.91,0.67
9,batch,efa,rdm,server,1024,1,send,32,1497931.33,1499206.44,0.11,60.04,0.00,47.93,0.67
10,batch,efa,rdm,server,1024,1,send,32,1498148.50,1499318.80,0.10,60.03,0.00,47.94,0.67
1,batch,efa,rdm,server,1024,1,send,64,1429465.00,1446793.00,1.00,104.79,0.00,91.49,0.70
2,batch,efa,rdm,server,1024,1,send,64,1468478.50,1477144.50,0.50,106.67,0.00,93.98,0.68
3,batch,efa,rdm,server,1024,1,send,64,1481869.33,1487647.67,0.33,107.32,0.00,94.84,0.67
4,batch,efa,rdm,server,1024,1,send,64,1488789.75,1493122.25,0.25,107.66,0.00,95.28,0.67
5,batch,efa,rdm,server,1024,1,send,64,1492873.80,1496342.00,0.20,107.86,0.00,95.54,0.67
6,batch,efa,rdm,server,1024,1,send,64,1495594.17,1498484.67,0.17,107.99,0.00,95.72,0.67
7,batch,efa,rdm,server,1024,1,send,64,1497493.57,1499970.00,0.14,108.09,0.00,95.84,0.67
8,batch,efa,rdm,server,1024,1,send,64,1498802.12,1500972.50,0.12,108.15,0.00,95.92,0.67
9,batch,efa,rdm,server,1024,1,send,64,1499902.44,1501830.22,0.11,108.20,0.00,95.99,0.67
10,batch,efa,rdm,server,1024,1,send,64,1500195.00,1501952.40,0.10,108.20,0.00,96.01,0.67
1,batch,efa,rdm,server,1024,1,send,128,1427011.00,1450594.00,1.00,197.90,0.00,182.66,0.70
2,batch,efa,rdm,server,1024,1,send,128,1473750.00,1485545.00,0.50,202.34,0.00,188.64,0.68
3,batch,efa,rdm,server,1024,1,send,128,1488720.00,1496583.67,0.33,203.74,0.00,190.56,0.67
4,batch,efa,rdm,server,1024,1,send,128,1496427.00,1502325.75,0.25,204.47,0.00,191.54,0.67
5,batch,efa,rdm,server,1024,1,send,128,1501042.80,1505754.80,0.20,204.91,0.00,192.13,0.67
6,batch,efa,rdm,server,1024,1,send,128,1504206.33,1508133.67,0.17,205.21,0.00,192.54,0.66
7,batch,efa,rdm,server,1024,1,send,128,1506368.57,1509736.14,0.14,205.41,0.00,192.82,0.66
8,batch,efa,rdm,server,1024,1,send,128,1508054.25,1511000.75,0.12,205.57,0.00,193.03,0.66
9,batch,efa,rdm,server,1024,1,send,128,1509346.78,1511965.00,0.11,205.70,0.00,193.20,0.66
10,batch,efa,rdm,server,1024,1,send,128,1509911.70,1512290.60,0.10,205.73,0.00,193.27,0.66
1,batch,efa,rdm,server,1024,1,send,256,1376351.00,1402286.00,1.00,370.85,0.00,352.35,0.73
2,batch,efa,rdm,server,1024,1,send,256,1423313.00,1436288.50,0.50,379.51,0.00,364.37,0.70
3,batch,efa,rdm,server,1024,1,send,256,1438843.33,1447493.00,0.33,382.35,0.00,368.34,0.70
4,batch,efa,rdm,server,1024,1,send,256,1446699.50,1453193.50,0.25,383.81,0.00,370.36,0.69
5,batch,efa,rdm,server,1024,1,send,256,1451153.80,1456343.20,0.20,384.60,0.00,371.50,0.69
6,batch,efa,rdm,server,1024,1,send,256,1454364.67,1458691.67,0.17,385.20,0.00,372.32,0.69
7,batch,efa,rdm,server,1024,1,send,256,1456626.29,1460336.29,0.14,385.62,0.00,372.90,0.69
8,batch,efa,rdm,server,1024,1,send,256,1458350.25,1461594.75,0.12,385.94,0.00,373.34,0.69
9,batch,efa,rdm,server,1024,1,send,256,1459536.78,1462419.78,0.11,386.15,0.00,373.64,0.69
10,batch,efa,rdm,server,1024,1,send,256,1460105.60,1462723.10,0.10,386.22,0.00,373.79,0.68
1,batch,efa,rdm,server,1024,1,send,512,1392190.00,1427824.00,1.00,743.12,0.00,712.80,0.72
2,batch,efa,rdm,server,1024,1,send,512,1452619.50,1470446.00,0.50,764.96,0.00,743.74,0.69
3,batch,efa,rdm,server,1024,1,send,512,1472467.33,1484345.67,0.33,772.08,0.00,753.90,0.68
4,batch,efa,rdm,server,1024,1,send,512,1482590.00,1491502.50,0.25,775.74,0.00,759.09,0.67
5,batch,efa,rdm,server,1024,1,send,512,1488597.20,1495716.60,0.20,777.90,0.00,762.16,0.67
6,batch,efa,rdm,server,1024,1,send,512,1492837.50,1498770.00,0.17,779.47,0.00,764.33,0.67
7,batch,efa,rdm,server,1024,1,send,512,1495744.57,1500830.00,0.14,780.52,0.00,765.82,0.67
8,batch,efa,rdm,server,1024,1,send,512,1497909.00,1502358.50,0.12,781.31,0.00,766.93,0.67
9,batch,efa,rdm,server,1024,1,send,512,1499430.67,1503385.44,0.11,781.83,0.00,767.71,0.67
10,batch,efa,rdm,server,1024,1,send,512,1500274.70,1503858.10,0.10,782.07,0.00,768.14,0.67
1,batch,efa,rdm,server,1024,1,send,1024,1255164.00,1356323.00,1.00,1400.34,0.00,1285.29,0.80
2,batch,efa,rdm,server,1024,1,send,1024,1239082.50,1359518.50,0.50,1403.33,0.00,1268.82,0.81
3,batch,efa,rdm,server,1024,1,send,1024,1230803.67,1358110.67,0.33,1401.78,0.00,1260.34,0.81
4,batch,efa,rdm,server,1024,1,send,1024,1225792.50,1358141.50,0.25,1401.76,0.00,1255.21,0.82
5,batch,efa,rdm,server,1024,1,send,1024,1231937.80,1362173.00,0.20,1405.89,0.00,1261.50,0.81
6,batch,efa,rdm,server,1024,1,send,1024,1238144.83,1364331.17,0.17,1408.09,0.00,1267.86,0.81
7,batch,efa,rdm,server,1024,1,send,1024,1246412.71,1367093.00,0.14,1410.93,0.00,1276.33,0.80
8,batch,efa,rdm,server,1024,1,send,1024,1246220.50,1366939.88,0.12,1410.76,0.00,1276.13,0.80
9,batch,efa,rdm,server,1024,1,send,1024,1244127.78,1366445.56,0.11,1410.24,0.00,1273.99,0.80
10,batch,efa,rdm,server,1024,1,send,1024,1239697.40,1363928.80,0.10,1407.64,0.00,1269.45,0.81
1,batch,efa,rdm,server,1024,1,send,2048,963625.00,1189234.00,1.00,2445.58,0.00,1973.50,1.04
2,batch,efa,rdm,server,1024,1,send,2048,992231.50,1217667.00,0.50,2503.78,0.00,2032.09,1.01
3,batch,efa,rdm,server,1024,1,send,2048,1000638.00,1224902.67,0.33,2518.57,0.00,2049.31,1.00
4,batch,efa,rdm,server,1024,1,send,2048,1000868.25,1223863.00,0.25,2516.39,0.00,2049.78,1.00
5,batch,efa,rdm,server,1024,1,send,2048,1003439.20,1226618.20,0.20,2522.03,0.00,2055.04,1.00
6,batch,efa,rdm,server,1024,1,send,2048,1005791.17,1225712.00,0.17,2520.15,0.00,2059.86,0.99
7,batch,efa,rdm,server,1024,1,send,2048,1006939.43,1227029.71,0.14,2522.85,0.00,2062.21,0.99
8,batch,efa,rdm,server,1024,1,send,2048,1006109.25,1225756.38,0.12,2520.22,0.00,2060.51,0.99
9,batch,efa,rdm,server,1024,1,send,2048,1006117.11,1227139.00,0.11,2523.06,0.00,2060.53,0.99
10,batch,efa,rdm,server,1024,1,send,2048,1005955.70,1227440.10,0.10,2523.67,0.00,2060.20,0.99
1,batch,efa,rdm,server,1024,1,send,4096,614764.00,871462.00,1.00,3577.05,0.00,2518.07,1.63
2,batch,efa,rdm,server,1024,1,send,4096,631682.00,878884.00,0.50,3607.23,0.00,2587.37,1.58
3,batch,efa,rdm,server,1024,1,send,4096,634404.67,882093.00,0.33,3620.30,0.00,2598.52,1.58
4,batch,efa,rdm,server,1024,1,send,4096,634708.00,885695.50,0.25,3635.04,0.00,2599.76,1.58
5,batch,efa,rdm,server,1024,1,send,4096,636600.40,887234.60,0.20,3641.33,0.00,2607.52,1.57
6,batch,efa,rdm,server,1024,1,send,4096,638539.33,888751.83,0.17,3647.53,0.00,2615.46,1.57
7,batch,efa,rdm,server,1024,1,send,4096,636623.43,887437.29,0.14,3642.12,0.00,2607.61,1.57
8,batch,efa,rdm,server,1024,1,send,4096,637801.75,888293.75,0.12,3645.63,0.00,2612.44,1.57
9,batch,efa,rdm,server,1024,1,send,4096,636873.78,888120.00,0.11,3644.91,0.00,2608.63,1.57
10,batch,efa,rdm,server,1024,1,send,4096,634922.70,886250.30,0.10,3637.23,0.00,2600.64,1.57
1,batch,efa,rdm,server,1024,1,send,8192,319559.00,494656.00,1.00,4056.72,0.00,2617.83,3.13
2,batch,efa,rdm,server,1024,1,send,8192,325357.00,498596.50,0.50,4088.76,0.00,2665.32,3.07
3,batch,efa,rdm,server,1024,1,send,8192,325304.67,498310.33,0.33,4086.32,0.00,2664.90,3.07
4,batch,efa,rdm,server,1024,1,send,8192,325524.25,498805.25,0.25,4090.34,0.00,2666.69,3.07
5,batch,efa,rdm,server,1024,1,send,8192,326012.80,499099.00,0.20,4092.72,0.00,2670.70,3.07
6,batch,efa,rdm,server,1024,1,send,8192,325677.33,498215.17,0.17,4085.45,0.00,2667.95,3.07
7,batch,efa,rdm,server,1024,1,send,8192,325609.14,498524.71,0.14,4087.98,0.00,2667.39,3.07
8,batch,efa,rdm,server,1024,1,send,8192,325041.62,498190.88,0.12,4085.23,0.00,2662.74,3.08
9,batch,efa,rdm,server,1024,1,send,8192,324487.78,498215.11,0.11,4085.42,0.00,2658.20,3.08
10,batch,efa,rdm,server,1024,1,send,8192,324531.40,498193.40,0.10,4085.24,0.00,2658.56,3.08
11,batch,efa,rdm,server,1024,1,send,8192,295028.55,452991.64,0.09,3714.58,0.00,2416.87,3.39
